--Inserting regions
INSERT INTO regions(name, games, year_made, based_off) VALUES('Kanto', 'Red/Blue', '1996', 'Central Japan');
INSERT INTO regions(name, games, year_made, based_off) VALUES('Johto', 'Gold/Silver', '1999', 'Central-Western Japan');
INSERT INTO regions(name, games, year_made, based_off) VALUES('Hoenn', 'Ruby/Sapphire', '2002', 'South-Western Japan');
INSERT INTO regions(name, games, year_made, based_off) VALUES('Sinnoh', 'Diamond/Pearl', '2006', 'Northen Japan');
INSERT INTO regions(name, games, year_made, based_off) VALUES('Unova', 'Black/White', '2010', 'New York City');

--Inserting the pokemon by region
--Kanto
INSERT INTO pokemon(dexnum, name, type1, type2, evo_status, mon_status, region) VALUES (1, 'Bulbasaur', 'Grass', 'Poison', 1, 'Starter', 'Kanto');
INSERT INTO pokemon(dexnum, name, type1, type2, evo_status, mon_status, region) VALUES (2, 'Ivysaur', 'Grass', 'Poison', 2, 'Starter', 'Kanto');
INSERT INTO pokemon(dexnum, name, type1, type2, evo_status, mon_status, region) VALUES (3, 'Venusaur', 'Grass', 'Poison', 3, 'Starter', 'Kanto');
INSERT INTO pokemon(dexnum, name, type1, type2, evo_status, mon_status, region) VALUES (4, 'Charmander', 'Fire', 'n/a', 1, 'Starter', 'Kanto');
INSERT INTO pokemon(dexnum, name, type1, type2, evo_status, mon_status, region) VALUES (5, 'Charmeleon', 'Fire', 'n/a', 2, 'Starter', 'Kanto');
INSERT INTO pokemon(dexnum, name, type1, type2, evo_status, mon_status, region) VALUES (6, 'Charizard', 'Fire', 'Flying', 3, 'Starter', 'Kanto');
INSERT INTO pokemon(dexnum, name, type1, type2, evo_status, mon_status, region) VALUES (7, 'Squirtle', 'Water', 'n/a', 1, 'Starter', 'Kanto');
INSERT INTO pokemon(dexnum, name, type1, type2, evo_status, mon_status, region) VALUES (8, 'Wartortle', 'Water', 'n/a', 2, 'Starter', 'Kanto');
INSERT INTO pokemon(dexnum, name, type1, type2, evo_status, mon_status, region) VALUES (9, 'Blastoise', 'Water', 'n/a', 3, 'Starter', 'Kanto');
INSERT INTO pokemon(dexnum, name, type1, type2, evo_status, mon_status, region) VALUES (10, 'Caterpie', 'Bug', 'n/a', 1, 'Basic', 'Kanto');
INSERT INTO pokemon(dexnum, name, type1, type2, evo_status, mon_status, region) VALUES (11, 'Metapod', 'Bug', 'n/a', 2, 'Basic', 'Kanto');
INSERT INTO pokemon(dexnum, name, type1, type2, evo_status, mon_status, region) VALUES (12, 'Butterfree', 'Bug', 'Flying', 3, 'Basic', 'Kanto');
INSERT INTO pokemon(dexnum, name, type1, type2, evo_status, mon_status, region) VALUES (13, 'Weedle', 'Bug', 'Poison', 1, 'Basic', 'Kanto');
INSERT INTO pokemon(dexnum, name, type1, type2, evo_status, mon_status, region) VALUES (14, 'Kakuna', 'Bug', 'Poison', 2, 'Basic', 'Kanto');
INSERT INTO pokemon(dexnum, name, type1, type2, evo_status, mon_status, region) VALUES (15, 'Beedrill', 'Bug', 'Poison', 3, 'Basic', 'Kanto');
INSERT INTO pokemon(dexnum, name, type1, type2, evo_status, mon_status, region) VALUES (16, 'Pidgey', 'Normal', 'Flying', 1, 'Basic', 'Kanto');
INSERT INTO pokemon(dexnum, name, type1, type2, evo_status, mon_status, region) VALUES (17, 'Pidgeotto', 'Normal', 'Flying', 2, 'Basic', 'Kanto');
INSERT INTO pokemon(dexnum, name, type1, type2, evo_status, mon_status, region) VALUES (18, 'Pidgeot', 'Normal', 'Flying', 3, 'Basic', 'Kanto');
INSERT INTO pokemon(dexnum, name, type1, type2, evo_status, mon_status, region) VALUES (19, 'Rattata', 'Normal', 'n/a', 1, 'Basic', 'Kanto');
INSERT INTO pokemon(dexnum, name, type1, type2, evo_status, mon_status, region) VALUES (20, 'Raticate', 'Normal', 'n/a', 2, 'Basic', 'Kanto');
INSERT INTO pokemon(dexnum, name, type1, type2, evo_status, mon_status, region) VALUES (21, 'Spearow', 'Normal', 'Flying', 1, 'Basic', 'Kanto');
INSERT INTO pokemon(dexnum, name, type1, type2, evo_status, mon_status, region) VALUES (22, 'Fearow', 'Normal', 'Flying', 2, 'Basic', 'Kanto');
INSERT INTO pokemon(dexnum, name, type1, type2, evo_status, mon_status, region) VALUES (23, 'Ekans', 'Poison', 'n/a', 1, 'Basic', 'Kanto');
INSERT INTO pokemon(dexnum, name, type1, type2, evo_status, mon_status, region) VALUES (24, 'Arbok', 'Poison', 'n/a', 2, 'Basic', 'Kanto');
INSERT INTO pokemon(dexnum, name, type1, type2, evo_status, mon_status, region) VALUES (25, 'Pikachu', 'Electric', 'n/a', 2, 'Basic', 'Kanto');
INSERT INTO pokemon(dexnum, name, type1, type2, evo_status, mon_status, region) VALUES (26, 'Raichu', 'Electric', 'n/a', 3, 'Basic', 'Kanto');
INSERT INTO pokemon(dexnum, name, type1, type2, evo_status, mon_status, region) VALUES (27, 'Sandshrew', 'Ground', 'n/a', 1, 'Basic', 'Kanto');
INSERT INTO pokemon(dexnum, name, type1, type2, evo_status, mon_status, region) VALUES (28, 'Sandslash', 'Ground', 'n/a', 2, 'Basic', 'Kanto');
INSERT INTO pokemon(dexnum, name, type1, type2, evo_status, mon_status, region) VALUES (29, 'Nidoran♀', 'Poison', 'n/a', 1, 'Basic', 'Kanto');
INSERT INTO pokemon(dexnum, name, type1, type2, evo_status, mon_status, region) VALUES (30, 'Nidorina', 'Poison', 'n/a', 2, 'Basic', 'Kanto');
INSERT INTO pokemon(dexnum, name, type1, type2, evo_status, mon_status, region) VALUES (31, 'Nidoqueen', 'Poison', 'Ground', 3, 'Basic', 'Kanto');
INSERT INTO pokemon(dexnum, name, type1, type2, evo_status, mon_status, region) VALUES (32, 'Nidoran♂', 'Poison', 'n/a', 1, 'Basic', 'Kanto');
INSERT INTO pokemon(dexnum, name, type1, type2, evo_status, mon_status, region) VALUES (33, 'Nidorino', 'Poison', 'n/a', 2, 'Basic', 'Kanto');
INSERT INTO pokemon(dexnum, name, type1, type2, evo_status, mon_status, region) VALUES (34, 'Nidoking', 'Poison', 'Ground', 3, 'Basic', 'Kanto');
INSERT INTO pokemon(dexnum, name, type1, type2, evo_status, mon_status, region) VALUES (35, 'Clefairy', 'Fairy', 'n/a', 2, 'Basic', 'Kanto');
INSERT INTO pokemon(dexnum, name, type1, type2, evo_status, mon_status, region) VALUES (36, 'Clefable', 'Fairy', 'n/a', 3, 'Basic', 'Kanto');
INSERT INTO pokemon(dexnum, name, type1, type2, evo_status, mon_status, region) VALUES (37, 'Vulpix', 'Fire', 'n/a', 1, 'Basic', 'Kanto');
INSERT INTO pokemon(dexnum, name, type1, type2, evo_status, mon_status, region) VALUES (38, 'Ninetales', 'Fire', 'n/a', 2, 'Basic', 'Kanto');
INSERT INTO pokemon(dexnum, name, type1, type2, evo_status, mon_status, region) VALUES (39, 'Jigglypuff', 'Normal', 'Fairy', 2, 'Basic', 'Kanto');
INSERT INTO pokemon(dexnum, name, type1, type2, evo_status, mon_status, region) VALUES (40, 'Wigglytuff', 'Normal', 'Fairy', 3, 'Basic', 'Kanto');
INSERT INTO pokemon(dexnum, name, type1, type2, evo_status, mon_status, region) VALUES (41, 'Zubat', 'Poison', 'Flying', 1, 'Basic', 'Kanto');
INSERT INTO pokemon(dexnum, name, type1, type2, evo_status, mon_status, region) VALUES (42, 'Golbat', 'Poison', 'Flying', 2, 'Basic', 'Kanto');
INSERT INTO pokemon(dexnum, name, type1, type2, evo_status, mon_status, region) VALUES (43, 'Oddish', 'Grass', 'Poison', 1, 'Basic', 'Kanto');
INSERT INTO pokemon(dexnum, name, type1, type2, evo_status, mon_status, region) VALUES (44, 'Gloom', 'Grass', 'Poison', 2, 'Basic', 'Kanto');
INSERT INTO pokemon(dexnum, name, type1, type2, evo_status, mon_status, region) VALUES (45, 'Vileplume', 'Grass', 'Poison', 3, 'Basic', 'Kanto');
INSERT INTO pokemon(dexnum, name, type1, type2, evo_status, mon_status, region) VALUES (46, 'Paras', 'Bug', 'Grass', 1, 'Basic', 'Kanto');
INSERT INTO pokemon(dexnum, name, type1, type2, evo_status, mon_status, region) VALUES (47, 'Parasect', 'Bug', 'Grass', 2, 'Basic', 'Kanto');
INSERT INTO pokemon(dexnum, name, type1, type2, evo_status, mon_status, region) VALUES (48, 'Venonat', 'Bug', 'Poison', 1, 'Basic', 'Kanto');
INSERT INTO pokemon(dexnum, name, type1, type2, evo_status, mon_status, region) VALUES (49, 'Venomoth', 'Bug', 'Poison', 2, 'Basic', 'Kanto');
INSERT INTO pokemon(dexnum, name, type1, type2, evo_status, mon_status, region) VALUES (50, 'Diglett', 'Ground', 'n/a', 1, 'Basic', 'Kanto');
INSERT INTO pokemon(dexnum, name, type1, type2, evo_status, mon_status, region) VALUES (51, 'Dugtrio', 'Ground', 'n/a', 2, 'Basic', 'Kanto');
INSERT INTO pokemon(dexnum, name, type1, type2, evo_status, mon_status, region) VALUES (52, 'Meowth', 'Normal', 'n/a', 1, 'Basic', 'Kanto');
INSERT INTO pokemon(dexnum, name, type1, type2, evo_status, mon_status, region) VALUES (53, 'Persian', 'Normal', 'n/a', 2, 'Basic', 'Kanto');
INSERT INTO pokemon(dexnum, name, type1, type2, evo_status, mon_status, region) VALUES (54, 'Psyduck', 'Water', 'n/a', 1, 'Basic', 'Kanto');
INSERT INTO pokemon(dexnum, name, type1, type2, evo_status, mon_status, region) VALUES (55, 'Golduck', 'Water', 'n/a', 2, 'Basic', 'Kanto');
INSERT INTO pokemon(dexnum, name, type1, type2, evo_status, mon_status, region) VALUES (56, 'Mankey', 'Fighting', 'n/a', 1, 'Basic', 'Kanto');
INSERT INTO pokemon(dexnum, name, type1, type2, evo_status, mon_status, region) VALUES (57, 'Primeape', 'Fighting', 'n/a', 2, 'Basic', 'Kanto');
INSERT INTO pokemon(dexnum, name, type1, type2, evo_status, mon_status, region) VALUES (58, 'Growlithe', 'Fire', 'n/a', 1, 'Basic', 'Kanto');
INSERT INTO pokemon(dexnum, name, type1, type2, evo_status, mon_status, region) VALUES (59, 'Arcanine', 'Fire', 'n/a', 2, 'Basic', 'Kanto');
INSERT INTO pokemon(dexnum, name, type1, type2, evo_status, mon_status, region) VALUES (60, 'Poliwag', 'Water', 'n/a', 1, 'Basic', 'Kanto');
INSERT INTO pokemon(dexnum, name, type1, type2, evo_status, mon_status, region) VALUES (61, 'Poliwhirl', 'Water', 'n/a', 2, 'Basic', 'Kanto');
INSERT INTO pokemon(dexnum, name, type1, type2, evo_status, mon_status, region) VALUES (62, 'Poliwrath', 'Water', 'Fighting', 3, 'Basic', 'Kanto');
INSERT INTO pokemon(dexnum, name, type1, type2, evo_status, mon_status, region) VALUES (63, 'Abra', 'Psychic', 'n/a', 1, 'Basic', 'Kanto');
INSERT INTO pokemon(dexnum, name, type1, type2, evo_status, mon_status, region) VALUES (64, 'Kadabra', 'Psychic', 'n/a', 2, 'Basic', 'Kanto');
INSERT INTO pokemon(dexnum, name, type1, type2, evo_status, mon_status, region) VALUES (65, 'Alakazam', 'Psychic', 'n/a', 3, 'Basic', 'Kanto');
INSERT INTO pokemon(dexnum, name, type1, type2, evo_status, mon_status, region) VALUES (66, 'Machop', 'Fighting', 'n/a', 1, 'Basic', 'Kanto');
INSERT INTO pokemon(dexnum, name, type1, type2, evo_status, mon_status, region) VALUES (67, 'Machoke', 'Fighting', 'n/a', 2, 'Basic', 'Kanto');
INSERT INTO pokemon(dexnum, name, type1, type2, evo_status, mon_status, region) VALUES (68, 'Machamp', 'Fighting', 'n/a', 3, 'Basic', 'Kanto');
INSERT INTO pokemon(dexnum, name, type1, type2, evo_status, mon_status, region) VALUES (69, 'Bellsprout', 'Grass', 'Poison', 1, 'Basic', 'Kanto');
INSERT INTO pokemon(dexnum, name, type1, type2, evo_status, mon_status, region) VALUES (70, 'Weepinbell', 'Grass', 'Poison', 2, 'Basic', 'Kanto');
INSERT INTO pokemon(dexnum, name, type1, type2, evo_status, mon_status, region) VALUES (71, 'Victreebel', 'Grass', 'Poison', 3, 'Basic', 'Kanto');
INSERT INTO pokemon(dexnum, name, type1, type2, evo_status, mon_status, region) VALUES (72, 'Tentacool', 'Water', 'Poison', 1, 'Basic', 'Kanto');
INSERT INTO pokemon(dexnum, name, type1, type2, evo_status, mon_status, region) VALUES (73, 'Tentacruel', 'Water', 'Poison', 2, 'Basic', 'Kanto');
INSERT INTO pokemon(dexnum, name, type1, type2, evo_status, mon_status, region) VALUES (74, 'Geodude', 'Rock', 'Ground', 1, 'Basic', 'Kanto');
INSERT INTO pokemon(dexnum, name, type1, type2, evo_status, mon_status, region) VALUES (75, 'Graveler', 'Rock', 'Ground', 2, 'Basic', 'Kanto');
INSERT INTO pokemon(dexnum, name, type1, type2, evo_status, mon_status, region) VALUES (76, 'Golem', 'Rock', 'Ground', 3, 'Basic', 'Kanto');
INSERT INTO pokemon(dexnum, name, type1, type2, evo_status, mon_status, region) VALUES (77, 'Ponyta', 'Fire', 'n/a', 1, 'Basic', 'Kanto');
INSERT INTO pokemon(dexnum, name, type1, type2, evo_status, mon_status, region) VALUES (78, 'Rapidash', 'Fire', 'n/a', 2, 'Basic', 'Kanto');
INSERT INTO pokemon(dexnum, name, type1, type2, evo_status, mon_status, region) VALUES (79, 'Slowpoke', 'Water', 'Psychic', 1, 'Basic', 'Kanto');
INSERT INTO pokemon(dexnum, name, type1, type2, evo_status, mon_status, region) VALUES (80, 'Slowbro', 'Water', 'Psychic', 2, 'Basic', 'Kanto');
INSERT INTO pokemon(dexnum, name, type1, type2, evo_status, mon_status, region) VALUES (81, 'Magnemite', 'Electric', 'Steel', 1, 'Basic', 'Kanto');
INSERT INTO pokemon(dexnum, name, type1, type2, evo_status, mon_status, region) VALUES (82, 'Magneton', 'Electric', 'Steel', 2, 'Basic', 'Kanto');
INSERT INTO pokemon(dexnum, name, type1, type2, evo_status, mon_status, region) VALUES (83, 'Farfetch''d', 'Normal', 'Flying', 0, 'Basic', 'Kanto');
INSERT INTO pokemon(dexnum, name, type1, type2, evo_status, mon_status, region) VALUES (84, 'Doduo', 'Normal', 'Flying', 1, 'Basic', 'Kanto');
INSERT INTO pokemon(dexnum, name, type1, type2, evo_status, mon_status, region) VALUES (85, 'Dodrio', 'Normal', 'Flying', 2, 'Basic', 'Kanto');
INSERT INTO pokemon(dexnum, name, type1, type2, evo_status, mon_status, region) VALUES (86, 'Seel', 'Water', 'n/a', 1, 'Basic', 'Kanto');
INSERT INTO pokemon(dexnum, name, type1, type2, evo_status, mon_status, region) VALUES (87, 'Dewgong', 'Water', 'Ice', 2, 'Basic', 'Kanto');
INSERT INTO pokemon(dexnum, name, type1, type2, evo_status, mon_status, region) VALUES (88, 'Grimer', 'Poison', 'n/a', 1, 'Basic', 'Kanto');
INSERT INTO pokemon(dexnum, name, type1, type2, evo_status, mon_status, region) VALUES (89, 'Muk', 'Poison', 'n/a', 2, 'Basic', 'Kanto');
INSERT INTO pokemon(dexnum, name, type1, type2, evo_status, mon_status, region) VALUES (90, 'Shellder', 'Water', 'n/a', 1, 'Basic', 'Kanto');
INSERT INTO pokemon(dexnum, name, type1, type2, evo_status, mon_status, region) VALUES (91, 'Cloyster', 'Water', 'Ice', 2, 'Basic', 'Kanto');
INSERT INTO pokemon(dexnum, name, type1, type2, evo_status, mon_status, region) VALUES (92, 'Gastly', 'Ghost', 'Poison', 1, 'Basic', 'Kanto');
INSERT INTO pokemon(dexnum, name, type1, type2, evo_status, mon_status, region) VALUES (93, 'Haunter', 'Ghost', 'Poison', 2, 'Basic', 'Kanto');
INSERT INTO pokemon(dexnum, name, type1, type2, evo_status, mon_status, region) VALUES (94, 'Gengar', 'Ghost', 'Poison', 3, 'Basic', 'Kanto');
INSERT INTO pokemon(dexnum, name, type1, type2, evo_status, mon_status, region) VALUES (95, 'Onix', 'Rock', 'Ground', 1, 'Basic', 'Kanto');
INSERT INTO pokemon(dexnum, name, type1, type2, evo_status, mon_status, region) VALUES (96, 'Drowzee', 'Psychic', 'n/a', 1, 'Basic', 'Kanto');
INSERT INTO pokemon(dexnum, name, type1, type2, evo_status, mon_status, region) VALUES (97, 'Hypno', 'Psychic', 'n/a', 2, 'Basic', 'Kanto');
INSERT INTO pokemon(dexnum, name, type1, type2, evo_status, mon_status, region) VALUES (98, 'Krabby', 'Water', 'n/a', 1, 'Basic', 'Kanto');
INSERT INTO pokemon(dexnum, name, type1, type2, evo_status, mon_status, region) VALUES (99, 'Kingler', 'Water', 'n/a', 2, 'Basic', 'Kanto');
INSERT INTO pokemon(dexnum, name, type1, type2, evo_status, mon_status, region) VALUES (100, 'Voltorb', 'Electric', 'n/a', 1, 'Basic', 'Kanto');
INSERT INTO pokemon(dexnum, name, type1, type2, evo_status, mon_status, region) VALUES (101, 'Electrode', 'Electric', 'n/a', 2, 'Basic', 'Kanto');
INSERT INTO pokemon(dexnum, name, type1, type2, evo_status, mon_status, region) VALUES (102, 'Exeggcute', 'Grass', 'Psychic', 1, 'Basic', 'Kanto');
INSERT INTO pokemon(dexnum, name, type1, type2, evo_status, mon_status, region) VALUES (103, 'Exeggutor', 'Grass', 'Psychic', 2, 'Basic', 'Kanto');
INSERT INTO pokemon(dexnum, name, type1, type2, evo_status, mon_status, region) VALUES (104, 'Cubone', 'Ground', 'n/a', 1, 'Basic', 'Kanto');
INSERT INTO pokemon(dexnum, name, type1, type2, evo_status, mon_status, region) VALUES (105, 'Marowak', 'Ground', 'n/a', 2, 'Basic', 'Kanto');
INSERT INTO pokemon(dexnum, name, type1, type2, evo_status, mon_status, region) VALUES (106, 'Hitmonlee', 'Fighting', 'n/a', 2, 'Basic', 'Kanto');
INSERT INTO pokemon(dexnum, name, type1, type2, evo_status, mon_status, region) VALUES (107, 'Hitmonchan', 'Fighting', 'n/a', 2, 'Basic', 'Kanto');
INSERT INTO pokemon(dexnum, name, type1, type2, evo_status, mon_status, region) VALUES (108, 'Lickitung', 'Normal', 'n/a', 1, 'Basic', 'Kanto');
INSERT INTO pokemon(dexnum, name, type1, type2, evo_status, mon_status, region) VALUES (109, 'Koffing', 'Poison', 'n/a', 1, 'Basic', 'Kanto');
INSERT INTO pokemon(dexnum, name, type1, type2, evo_status, mon_status, region) VALUES (110, 'Weezing', 'Poison', 'n/a', 2, 'Basic', 'Kanto');
INSERT INTO pokemon(dexnum, name, type1, type2, evo_status, mon_status, region) VALUES (111, 'Rhyhorn', 'Ground', 'Rock', 1, 'Basic', 'Kanto');
INSERT INTO pokemon(dexnum, name, type1, type2, evo_status, mon_status, region) VALUES (112, 'Rhydon', 'Ground', 'Rock', 2, 'Basic', 'Kanto');
INSERT INTO pokemon(dexnum, name, type1, type2, evo_status, mon_status, region) VALUES (113, 'Chansey', 'Normal', 'n/a', 2, 'Basic', 'Kanto');
INSERT INTO pokemon(dexnum, name, type1, type2, evo_status, mon_status, region) VALUES (114, 'Tangela', 'Grass', 'n/a', 1, 'Basic', 'Kanto');
INSERT INTO pokemon(dexnum, name, type1, type2, evo_status, mon_status, region) VALUES (115, 'Kangaskhan', 'Normal', 'n/a', 0, 'Basic', 'Kanto');
INSERT INTO pokemon(dexnum, name, type1, type2, evo_status, mon_status, region) VALUES (116, 'Horsea', 'Water', 'n/a', 1, 'Basic', 'Kanto');
INSERT INTO pokemon(dexnum, name, type1, type2, evo_status, mon_status, region) VALUES (117, 'Seadra', 'Water', 'n/a', 2, 'Basic', 'Kanto');
INSERT INTO pokemon(dexnum, name, type1, type2, evo_status, mon_status, region) VALUES (118, 'Goldeen', 'Water', 'n/a', 1, 'Basic', 'Kanto');
INSERT INTO pokemon(dexnum, name, type1, type2, evo_status, mon_status, region) VALUES (119, 'Seaking', 'Water', 'n/a', 2, 'Basic', 'Kanto');
INSERT INTO pokemon(dexnum, name, type1, type2, evo_status, mon_status, region) VALUES (120, 'Staryu', 'Water', 'n/a', 1, 'Basic', 'Kanto');
INSERT INTO pokemon(dexnum, name, type1, type2, evo_status, mon_status, region) VALUES (121, 'Starmie', 'Water', 'Psychic', 2, 'Basic', 'Kanto');
INSERT INTO pokemon(dexnum, name, type1, type2, evo_status, mon_status, region) VALUES (122, 'Mr. Mime', 'Psychic', 'Fairy', 0, 'Basic', 'Kanto');
INSERT INTO pokemon(dexnum, name, type1, type2, evo_status, mon_status, region) VALUES (123, 'Scyther', 'Bug', 'Flying', 1, 'Basic', 'Kanto');
INSERT INTO pokemon(dexnum, name, type1, type2, evo_status, mon_status, region) VALUES (124, 'Jynx', 'Ice', 'Psychic', 2, 'Basic', 'Kanto');
INSERT INTO pokemon(dexnum, name, type1, type2, evo_status, mon_status, region) VALUES (125, 'Electabuzz', 'Electric', 'n/a', 2, 'Basic', 'Kanto');
INSERT INTO pokemon(dexnum, name, type1, type2, evo_status, mon_status, region) VALUES (126, 'Magmar', 'Fire', 'n/a', 2, 'Basic', 'Kanto');
INSERT INTO pokemon(dexnum, name, type1, type2, evo_status, mon_status, region) VALUES (127, 'Pinsir', 'Bug', 'n/a', 0, 'Basic', 'Kanto');
INSERT INTO pokemon(dexnum, name, type1, type2, evo_status, mon_status, region) VALUES (128, 'Tauros', 'Normal', 'n/a', 0, 'Basic', 'Kanto');
INSERT INTO pokemon(dexnum, name, type1, type2, evo_status, mon_status, region) VALUES (129, 'Magikarp', 'Water', 'n/a', 1, 'Basic', 'Kanto');
INSERT INTO pokemon(dexnum, name, type1, type2, evo_status, mon_status, region) VALUES (130, 'Gyarados', 'Water', 'Flying', 2, 'Basic', 'Kanto');
INSERT INTO pokemon(dexnum, name, type1, type2, evo_status, mon_status, region) VALUES (131, 'Lapras', 'Water', 'Ice', 0, 'Basic', 'Kanto');
INSERT INTO pokemon(dexnum, name, type1, type2, evo_status, mon_status, region) VALUES (132, 'Ditto', 'Normal', 'n/a', 0, 'Basic', 'Kanto');
INSERT INTO pokemon(dexnum, name, type1, type2, evo_status, mon_status, region) VALUES (133, 'Eevee', 'Normal', 'n/a', 1, 'Basic', 'Kanto');
INSERT INTO pokemon(dexnum, name, type1, type2, evo_status, mon_status, region) VALUES (134, 'Vaporeon', 'Water', 'n/a', 2, 'Basic', 'Kanto');
INSERT INTO pokemon(dexnum, name, type1, type2, evo_status, mon_status, region) VALUES (135, 'Jolteon', 'Electric', 'n/a', 2, 'Basic', 'Kanto');
INSERT INTO pokemon(dexnum, name, type1, type2, evo_status, mon_status, region) VALUES (136, 'Flareon', 'Fire', 'n/a', 2, 'Basic', 'Kanto');
INSERT INTO pokemon(dexnum, name, type1, type2, evo_status, mon_status, region) VALUES (137, 'Porygon', 'Normal', 'n/a', 1, 'Basic', 'Kanto');
INSERT INTO pokemon(dexnum, name, type1, type2, evo_status, mon_status, region) VALUES (138, 'Omanyte', 'Rock', 'Water', 1, 'Fossil', 'Kanto');
INSERT INTO pokemon(dexnum, name, type1, type2, evo_status, mon_status, region) VALUES (139, 'Omastar', 'Rock', 'Water', 2, 'Fossil', 'Kanto');
INSERT INTO pokemon(dexnum, name, type1, type2, evo_status, mon_status, region) VALUES (140, 'Kabuto', 'Rock', 'Water', 1, 'Fossil', 'Kanto');
INSERT INTO pokemon(dexnum, name, type1, type2, evo_status, mon_status, region) VALUES (141, 'Kabutops', 'Rock', 'Water', 2, 'Fossil', 'Kanto');
INSERT INTO pokemon(dexnum, name, type1, type2, evo_status, mon_status, region) VALUES (142, 'Aerodactyl', 'Rock', 'Flying', 0, 'Fossil', 'Kanto');
INSERT INTO pokemon(dexnum, name, type1, type2, evo_status, mon_status, region) VALUES (143, 'Snorlax', 'Normal', 'n/a', 2, 'Basic', 'Kanto');
INSERT INTO pokemon(dexnum, name, type1, type2, evo_status, mon_status, region) VALUES (144, 'Articuno', 'Ice', 'Flying', 0, 'Sub-Legendary', 'Kanto');
INSERT INTO pokemon(dexnum, name, type1, type2, evo_status, mon_status, region) VALUES (145, 'Zapdos', 'Electric', 'Flying', 0, 'Sub-Legendary', 'Kanto');
INSERT INTO pokemon(dexnum, name, type1, type2, evo_status, mon_status, region) VALUES (146, 'Moltres', 'Fire', 'Flying', 0, 'Sub-Legendary', 'Kanto');
INSERT INTO pokemon(dexnum, name, type1, type2, evo_status, mon_status, region) VALUES (147, 'Dratini', 'Dragon', 'n/a', 1, 'Pseudo-Legendary', 'Kanto');
INSERT INTO pokemon(dexnum, name, type1, type2, evo_status, mon_status, region) VALUES (148, 'Dragonair', 'Dragon', 'n/a', 2, 'Pseudo-Legendary', 'Kanto');
INSERT INTO pokemon(dexnum, name, type1, type2, evo_status, mon_status, region) VALUES (149, 'Dragonite', 'Dragon', 'Flying', 3, 'Pseudo-Legendary', 'Kanto');
INSERT INTO pokemon(dexnum, name, type1, type2, evo_status, mon_status, region) VALUES (150, 'Mewtwo', 'Psychic', 'n/a', 0, 'Legendary', 'Kanto');
INSERT INTO pokemon(dexnum, name, type1, type2, evo_status, mon_status, region) VALUES (151, 'Mew', 'Psychic', 'n/a', 0, 'Mythical', 'Kanto');

--Jhoto
INSERT INTO pokemon(dexnum, name, type1, type2, evo_status, mon_status, region) VALUES (152, 'Chikorita', 'Grass', 'n/a', 1, 'Starter', 'Johto');
INSERT INTO pokemon(dexnum, name, type1, type2, evo_status, mon_status, region) VALUES (153, 'Bayleef', 'Grass', 'n/a', 2, 'Starter', 'Johto');
INSERT INTO pokemon(dexnum, name, type1, type2, evo_status, mon_status, region) VALUES (154, 'Meganium', 'Grass', 'n/a', 3, 'Starter', 'Johto');
INSERT INTO pokemon(dexnum, name, type1, type2, evo_status, mon_status, region) VALUES (155, 'Cyndaquil', 'Fire', 'n/a', 1, 'Starter', 'Johto');
INSERT INTO pokemon(dexnum, name, type1, type2, evo_status, mon_status, region) VALUES (156, 'Quilava', 'Fire', 'n/a', 2, 'Starter', 'Johto');
INSERT INTO pokemon(dexnum, name, type1, type2, evo_status, mon_status, region) VALUES (157, 'Typhlosion', 'Fire', 'n/a', 3, 'Starter', 'Johto');
INSERT INTO pokemon(dexnum, name, type1, type2, evo_status, mon_status, region) VALUES (158, 'Totodile', 'Water', 'n/a', 1, 'Starter', 'Johto');
INSERT INTO pokemon(dexnum, name, type1, type2, evo_status, mon_status, region) VALUES (159, 'Croconaw', 'Water', 'n/a', 2, 'Starter', 'Johto');
INSERT INTO pokemon(dexnum, name, type1, type2, evo_status, mon_status, region) VALUES (160, 'Feraligatr', 'Water', 'n/a', 3, 'Starter', 'Johto');
INSERT INTO pokemon(dexnum, name, type1, type2, evo_status, mon_status, region) VALUES (161, 'Sentret', 'Normal', 'n/a', 1, 'Basic', 'Johto');
INSERT INTO pokemon(dexnum, name, type1, type2, evo_status, mon_status, region) VALUES (162, 'Furret', 'Normal', 'n/a', 2, 'Basic', 'Johto');
INSERT INTO pokemon(dexnum, name, type1, type2, evo_status, mon_status, region) VALUES (163, 'Hoothoot', 'Normal', 'Flying', 1, 'Basic', 'Johto');
INSERT INTO pokemon(dexnum, name, type1, type2, evo_status, mon_status, region) VALUES (164, 'Noctowl', 'Normal', 'Flying', 2, 'Basic', 'Johto');
INSERT INTO pokemon(dexnum, name, type1, type2, evo_status, mon_status, region) VALUES (165, 'Ledyba', 'Bug', 'Flying', 1, 'Basic', 'Johto');
INSERT INTO pokemon(dexnum, name, type1, type2, evo_status, mon_status, region) VALUES (166, 'Ledian', 'Bug', 'Flying', 2, 'Basic', 'Johto');
INSERT INTO pokemon(dexnum, name, type1, type2, evo_status, mon_status, region) VALUES (167, 'Spinarak', 'Bug', 'Poison', 1, 'Basic', 'Johto');
INSERT INTO pokemon(dexnum, name, type1, type2, evo_status, mon_status, region) VALUES (168, 'Ariados', 'Bug', 'Poison', 2, 'Basic', 'Johto');
INSERT INTO pokemon(dexnum, name, type1, type2, evo_status, mon_status, region) VALUES (169, 'Crobat', 'Poison', 'Flying', 3, 'Basic', 'Johto');
INSERT INTO pokemon(dexnum, name, type1, type2, evo_status, mon_status, region) VALUES (170, 'Chinchou', 'Water', 'Electric', 1, 'Basic', 'Johto');
INSERT INTO pokemon(dexnum, name, type1, type2, evo_status, mon_status, region) VALUES (171, 'Lanturn', 'Water', 'Electric', 2, 'Basic', 'Johto');
INSERT INTO pokemon(dexnum, name, type1, type2, evo_status, mon_status, region) VALUES (172, 'Pichu', 'Electric', 'n/a', 1, 'Baby', 'Johto');
INSERT INTO pokemon(dexnum, name, type1, type2, evo_status, mon_status, region) VALUES (173, 'Cleffa', 'Fairy', 'n/a', 1, 'Baby', 'Johto');
INSERT INTO pokemon(dexnum, name, type1, type2, evo_status, mon_status, region) VALUES (174, 'Igglybuff', 'Normal', 'Fairy', 1, 'Baby', 'Johto');
INSERT INTO pokemon(dexnum, name, type1, type2, evo_status, mon_status, region) VALUES (175, 'Togepi', 'Fairy', 'n/a', 1, 'Baby', 'Johto');
INSERT INTO pokemon(dexnum, name, type1, type2, evo_status, mon_status, region) VALUES (176, 'Togetic', 'Fairy', 'Flying', 2, 'Basic', 'Johto');
INSERT INTO pokemon(dexnum, name, type1, type2, evo_status, mon_status, region) VALUES (177, 'Natu', 'Psychic', 'Flying', 1, 'Basic', 'Johto');
INSERT INTO pokemon(dexnum, name, type1, type2, evo_status, mon_status, region) VALUES (178, 'Xatu', 'Psychic', 'Flying', 2, 'Basic', 'Johto');
INSERT INTO pokemon(dexnum, name, type1, type2, evo_status, mon_status, region) VALUES (179, 'Mareep', 'Electric', 'n/a', 1, 'Basic', 'Johto');
INSERT INTO pokemon(dexnum, name, type1, type2, evo_status, mon_status, region) VALUES (180, 'Flaaffy', 'Electric', 'n/a', 2, 'Basic', 'Johto');
INSERT INTO pokemon(dexnum, name, type1, type2, evo_status, mon_status, region) VALUES (181, 'Ampharos', 'Electric', 'n/a', 3, 'Basic', 'Johto');
INSERT INTO pokemon(dexnum, name, type1, type2, evo_status, mon_status, region) VALUES (182, 'Bellossom', 'Grass', 'n/a', 3, 'Basic', 'Johto');
INSERT INTO pokemon(dexnum, name, type1, type2, evo_status, mon_status, region) VALUES (183, 'Marill', 'Water', 'Fairy', 1, 'Basic', 'Johto');
INSERT INTO pokemon(dexnum, name, type1, type2, evo_status, mon_status, region) VALUES (184, 'Azumarill', 'Water', 'Fairy', 2, 'Basic', 'Johto');
INSERT INTO pokemon(dexnum, name, type1, type2, evo_status, mon_status, region) VALUES (185, 'Sudowoodo', 'Rock', 'n/a', 0, 'Basic', 'Johto');
INSERT INTO pokemon(dexnum, name, type1, type2, evo_status, mon_status, region) VALUES (186, 'Politoed', 'Water', 'n/a', 3, 'Basic', 'Johto');
INSERT INTO pokemon(dexnum, name, type1, type2, evo_status, mon_status, region) VALUES (187, 'Hoppip', 'Grass', 'Flying', 1, 'Basic', 'Johto');
INSERT INTO pokemon(dexnum, name, type1, type2, evo_status, mon_status, region) VALUES (188, 'Skiploom', 'Grass', 'Flying', 2, 'Basic', 'Johto');
INSERT INTO pokemon(dexnum, name, type1, type2, evo_status, mon_status, region) VALUES (189, 'Jumpluff', 'Grass', 'Flying', 3, 'Basic', 'Johto');
INSERT INTO pokemon(dexnum, name, type1, type2, evo_status, mon_status, region) VALUES (190, 'Aipom', 'Normal', 'n/a', 1, 'Basic', 'Johto');
INSERT INTO pokemon(dexnum, name, type1, type2, evo_status, mon_status, region) VALUES (191, 'Sunkern', 'Grass', 'n/a', 1, 'Basic', 'Johto');
INSERT INTO pokemon(dexnum, name, type1, type2, evo_status, mon_status, region) VALUES (192, 'Sunflora', 'Grass', 'n/a', 2, 'Basic', 'Johto');
INSERT INTO pokemon(dexnum, name, type1, type2, evo_status, mon_status, region) VALUES (193, 'Yanma', 'Bug', 'Flying', 1, 'Basic', 'Johto');
INSERT INTO pokemon(dexnum, name, type1, type2, evo_status, mon_status, region) VALUES (194, 'Wooper', 'Water', 'Ground', 1, 'Basic', 'Johto');
INSERT INTO pokemon(dexnum, name, type1, type2, evo_status, mon_status, region) VALUES (195, 'Quagsire', 'Water', 'Ground', 2, 'Basic', 'Johto');
INSERT INTO pokemon(dexnum, name, type1, type2, evo_status, mon_status, region) VALUES (196, 'Espeon', 'Psychic', 'n/a', 2, 'Basic', 'Johto');
INSERT INTO pokemon(dexnum, name, type1, type2, evo_status, mon_status, region) VALUES (197, 'Umbreon', 'Dark', 'n/a', 2, 'Basic', 'Johto');
INSERT INTO pokemon(dexnum, name, type1, type2, evo_status, mon_status, region) VALUES (198, 'Murkrow', 'Dark', 'Flying', 1, 'Basic', 'Johto');
INSERT INTO pokemon(dexnum, name, type1, type2, evo_status, mon_status, region) VALUES (199, 'Slowking', 'Water', 'Psychic', 2, 'Basic', 'Johto');
INSERT INTO pokemon(dexnum, name, type1, type2, evo_status, mon_status, region) VALUES (200, 'Misdreavus', 'Ghost', 'n/a', 1, 'Basic', 'Johto');
INSERT INTO pokemon(dexnum, name, type1, type2, evo_status, mon_status, region) VALUES (201, 'Unown', 'Psychic', 'n/a', 0, 'Basic', 'Johto');
INSERT INTO pokemon(dexnum, name, type1, type2, evo_status, mon_status, region) VALUES (202, 'Wobbuffet', 'Psychic', 'n/a', 1, 'Basic', 'Johto');
INSERT INTO pokemon(dexnum, name, type1, type2, evo_status, mon_status, region) VALUES (203, 'Girafarig', 'Normal', 'Psychic', 0, 'Basic', 'Johto');
INSERT INTO pokemon(dexnum, name, type1, type2, evo_status, mon_status, region) VALUES (204, 'Pineco', 'Bug', 'n/a', 1, 'Basic', 'Johto');
INSERT INTO pokemon(dexnum, name, type1, type2, evo_status, mon_status, region) VALUES (205, 'Forretress', 'Bug', 'Steel', 2, 'Basic', 'Johto');
INSERT INTO pokemon(dexnum, name, type1, type2, evo_status, mon_status, region) VALUES (206, 'Dunsparce', 'Normal', 'n/a', 0, 'Basic', 'Johto');
INSERT INTO pokemon(dexnum, name, type1, type2, evo_status, mon_status, region) VALUES (207, 'Gligar', 'Ground', 'Flying', 1, 'Basic', 'Johto');
INSERT INTO pokemon(dexnum, name, type1, type2, evo_status, mon_status, region) VALUES (208, 'Steelix', 'Steel', 'Ground', 2, 'Basic', 'Johto');
INSERT INTO pokemon(dexnum, name, type1, type2, evo_status, mon_status, region) VALUES (209, 'Snubbull', 'Fairy', 'n/a', 1, 'Basic', 'Johto');
INSERT INTO pokemon(dexnum, name, type1, type2, evo_status, mon_status, region) VALUES (210, 'Granbull', 'Fairy', 'n/a', 2, 'Basic', 'Johto');
INSERT INTO pokemon(dexnum, name, type1, type2, evo_status, mon_status, region) VALUES (211, 'Qwilfish', 'Water', 'Poison', 0, 'Basic', 'Johto');
INSERT INTO pokemon(dexnum, name, type1, type2, evo_status, mon_status, region) VALUES (212, 'Scizor', 'Bug', 'Steel', 2, 'Basic', 'Johto');
INSERT INTO pokemon(dexnum, name, type1, type2, evo_status, mon_status, region) VALUES (213, 'Shuckle', 'Bug', 'Rock', 0, 'Basic', 'Johto');
INSERT INTO pokemon(dexnum, name, type1, type2, evo_status, mon_status, region) VALUES (214, 'Heracross', 'Bug', 'Fighting', 0, 'Basic', 'Johto');
INSERT INTO pokemon(dexnum, name, type1, type2, evo_status, mon_status, region) VALUES (215, 'Sneasel', 'Dark', 'Ice', 1, 'Basic', 'Johto');
INSERT INTO pokemon(dexnum, name, type1, type2, evo_status, mon_status, region) VALUES (216, 'Teddiursa', 'Normal', 'n/a', 1, 'Basic', 'Johto');
INSERT INTO pokemon(dexnum, name, type1, type2, evo_status, mon_status, region) VALUES (217, 'Ursaring', 'Normal', 'n/a', 2, 'Basic', 'Johto');
INSERT INTO pokemon(dexnum, name, type1, type2, evo_status, mon_status, region) VALUES (218, 'Slugma', 'Fire', 'n/a', 1, 'Basic', 'Johto');
INSERT INTO pokemon(dexnum, name, type1, type2, evo_status, mon_status, region) VALUES (219, 'Magcargo', 'Fire', 'Rock', 2, 'Basic', 'Johto');
INSERT INTO pokemon(dexnum, name, type1, type2, evo_status, mon_status, region) VALUES (220, 'Swinub', 'Ice', 'Ground', 1, 'Basic', 'Johto');
INSERT INTO pokemon(dexnum, name, type1, type2, evo_status, mon_status, region) VALUES (221, 'Piloswine', 'Ice', 'Ground', 2, 'Basic', 'Johto');
INSERT INTO pokemon(dexnum, name, type1, type2, evo_status, mon_status, region) VALUES (222, 'Corsola', 'Water', 'Rock', 0, 'Basic', 'Johto');
INSERT INTO pokemon(dexnum, name, type1, type2, evo_status, mon_status, region) VALUES (223, 'Remoraid', 'Water', 'n/a', 1, 'Basic', 'Johto');
INSERT INTO pokemon(dexnum, name, type1, type2, evo_status, mon_status, region) VALUES (224, 'Octillery', 'Water', 'n/a', 2, 'Basic', 'Johto');
INSERT INTO pokemon(dexnum, name, type1, type2, evo_status, mon_status, region) VALUES (225, 'Delibird', 'Ice', 'Flying', 0, 'Basic', 'Johto');
INSERT INTO pokemon(dexnum, name, type1, type2, evo_status, mon_status, region) VALUES (226, 'Mantine', 'Water', 'Flying', 2, 'Basic', 'Johto');
INSERT INTO pokemon(dexnum, name, type1, type2, evo_status, mon_status, region) VALUES (227, 'Skarmory', 'Steel', 'Flying', 0, 'Basic', 'Johto');
INSERT INTO pokemon(dexnum, name, type1, type2, evo_status, mon_status, region) VALUES (228, 'Houndour', 'Dark', 'Fire', 1, 'Basic', 'Johto');
INSERT INTO pokemon(dexnum, name, type1, type2, evo_status, mon_status, region) VALUES (229, 'Houndoom', 'Dark', 'Fire', 2, 'Basic', 'Johto');
INSERT INTO pokemon(dexnum, name, type1, type2, evo_status, mon_status, region) VALUES (230, 'Kingdra', 'Water', 'Dragon', 3, 'Basic', 'Johto');
INSERT INTO pokemon(dexnum, name, type1, type2, evo_status, mon_status, region) VALUES (231, 'Phanpy', 'Ground', 'n/a', 1, 'Basic', 'Johto');
INSERT INTO pokemon(dexnum, name, type1, type2, evo_status, mon_status, region) VALUES (232, 'Donphan', 'Ground', 'n/a', 2, 'Basic', 'Johto');
INSERT INTO pokemon(dexnum, name, type1, type2, evo_status, mon_status, region) VALUES (233, 'Porygon2', 'Normal', 'n/a', 2, 'Basic', 'Johto');
INSERT INTO pokemon(dexnum, name, type1, type2, evo_status, mon_status, region) VALUES (234, 'Stantler', 'Normal', 'n/a', 0, 'Basic', 'Johto');
INSERT INTO pokemon(dexnum, name, type1, type2, evo_status, mon_status, region) VALUES (235, 'Smeargle', 'Normal', 'n/a', 0, 'Basic', 'Johto');
INSERT INTO pokemon(dexnum, name, type1, type2, evo_status, mon_status, region) VALUES (236, 'Tyrogue', 'Fighting', 'n/a', 1, 'Baby', 'Johto');
INSERT INTO pokemon(dexnum, name, type1, type2, evo_status, mon_status, region) VALUES (237, 'Hitmontop', 'Fighting', 'n/a', 2, 'Basic', 'Johto');
INSERT INTO pokemon(dexnum, name, type1, type2, evo_status, mon_status, region) VALUES (238, 'Smoochum', 'Ice', 'Psychic', 1, 'Baby', 'Johto');
INSERT INTO pokemon(dexnum, name, type1, type2, evo_status, mon_status, region) VALUES (239, 'Elekid', 'Electric', 'n/a', 1, 'Baby', 'Johto');
INSERT INTO pokemon(dexnum, name, type1, type2, evo_status, mon_status, region) VALUES (240, 'Magby', 'Fire', 'n/a', 1, 'Baby', 'Johto');
INSERT INTO pokemon(dexnum, name, type1, type2, evo_status, mon_status, region) VALUES (241, 'Miltank', 'Normal', 'n/a', 0, 'Basic', 'Johto');
INSERT INTO pokemon(dexnum, name, type1, type2, evo_status, mon_status, region) VALUES (242, 'Blissey', 'Normal', 'n/a', 3, 'Basic', 'Johto');
INSERT INTO pokemon(dexnum, name, type1, type2, evo_status, mon_status, region) VALUES (243, 'Raikou', 'Electric', 'n/a', 0, 'Sub-Legendary', 'Johto');
INSERT INTO pokemon(dexnum, name, type1, type2, evo_status, mon_status, region) VALUES (244, 'Entei', 'Fire', 'n/a', 0, 'Sub-Legendary', 'Johto');
INSERT INTO pokemon(dexnum, name, type1, type2, evo_status, mon_status, region) VALUES (245, 'Suicune', 'Water', 'n/a', 0, 'Sub-Legendary', 'Johto');
INSERT INTO pokemon(dexnum, name, type1, type2, evo_status, mon_status, region) VALUES (246, 'Larvitar', 'Rock', 'Ground', 1, 'Pseudo-Legendary', 'Johto');
INSERT INTO pokemon(dexnum, name, type1, type2, evo_status, mon_status, region) VALUES (247, 'Pupitar', 'Rock', 'Ground', 2, 'Pseudo-Legendary', 'Johto');
INSERT INTO pokemon(dexnum, name, type1, type2, evo_status, mon_status, region) VALUES (248, 'Tyranitar', 'Rock', 'Dark', 3, 'Pseudo-Legendary', 'Johto');
INSERT INTO pokemon(dexnum, name, type1, type2, evo_status, mon_status, region) VALUES (249, 'Lugia', 'Psychic', 'Flying', 0, 'Legendary', 'Johto');
INSERT INTO pokemon(dexnum, name, type1, type2, evo_status, mon_status, region) VALUES (250, 'Ho-Oh', 'Fire', 'Flying', 0, 'Legendary', 'Johto');
INSERT INTO pokemon(dexnum, name, type1, type2, evo_status, mon_status, region) VALUES (251, 'Celebi', 'Psychic', 'Grass', 0, 'Mythical', 'Johto');

--Hoenn
INSERT INTO pokemon(dexnum, name, type1, type2, evo_status, mon_status, region) VALUES (252, 'Treecko', 'Grass', 'n/a', 1, 'Starter', 'Hoenn');
INSERT INTO pokemon(dexnum, name, type1, type2, evo_status, mon_status, region) VALUES (253, 'Grovyle', 'Grass', 'n/a', 2, 'Starter', 'Hoenn');
INSERT INTO pokemon(dexnum, name, type1, type2, evo_status, mon_status, region) VALUES (254, 'Sceptile', 'Grass', 'n/a', 3, 'Starter', 'Hoenn');
INSERT INTO pokemon(dexnum, name, type1, type2, evo_status, mon_status, region) VALUES (255, 'Torchic', 'Fire', 'n/a', 1, 'Starter', 'Hoenn');
INSERT INTO pokemon(dexnum, name, type1, type2, evo_status, mon_status, region) VALUES (256, 'Combusken', 'Fire', 'Fighting', 2, 'Starter', 'Hoenn');
INSERT INTO pokemon(dexnum, name, type1, type2, evo_status, mon_status, region) VALUES (257, 'Blaziken', 'Fire', 'Fighting', 3, 'Starter', 'Hoenn');
INSERT INTO pokemon(dexnum, name, type1, type2, evo_status, mon_status, region) VALUES (258, 'Mudkip', 'Water', 'n/a', 1, 'Starter', 'Hoenn');
INSERT INTO pokemon(dexnum, name, type1, type2, evo_status, mon_status, region) VALUES (259, 'Marshtomp', 'Water', 'Ground', 2, 'Starter', 'Hoenn');
INSERT INTO pokemon(dexnum, name, type1, type2, evo_status, mon_status, region) VALUES (260, 'Swampert', 'Water', 'Ground', 3, 'Starter', 'Hoenn');
INSERT INTO pokemon(dexnum, name, type1, type2, evo_status, mon_status, region) VALUES (261, 'Poochyena', 'Dark', 'n/a', 1, 'Basic', 'Hoenn');
INSERT INTO pokemon(dexnum, name, type1, type2, evo_status, mon_status, region) VALUES (262, 'Mightyena', 'Dark', 'n/a', 2, 'Basic', 'Hoenn');
INSERT INTO pokemon(dexnum, name, type1, type2, evo_status, mon_status, region) VALUES (263, 'Zigzagoon', 'Normal', 'n/a', 1, 'Basic', 'Hoenn');
INSERT INTO pokemon(dexnum, name, type1, type2, evo_status, mon_status, region) VALUES (264, 'Linoone', 'Normal', 'n/a', 2, 'Basic', 'Hoenn');
INSERT INTO pokemon(dexnum, name, type1, type2, evo_status, mon_status, region) VALUES (265, 'Wurmple', 'Bug', 'n/a', 1, 'Basic', 'Hoenn');
INSERT INTO pokemon(dexnum, name, type1, type2, evo_status, mon_status, region) VALUES (266, 'Silcoon', 'Bug', 'n/a', 2, 'Basic', 'Hoenn');
INSERT INTO pokemon(dexnum, name, type1, type2, evo_status, mon_status, region) VALUES (267, 'Beautifly', 'Bug', 'Flying', 3, 'Basic', 'Hoenn');
INSERT INTO pokemon(dexnum, name, type1, type2, evo_status, mon_status, region) VALUES (268, 'Cascoon', 'Bug', 'n/a', 2, 'Basic', 'Hoenn');
INSERT INTO pokemon(dexnum, name, type1, type2, evo_status, mon_status, region) VALUES (269, 'Dustox', 'Bug', 'Poison', 3, 'Basic', 'Hoenn');
INSERT INTO pokemon(dexnum, name, type1, type2, evo_status, mon_status, region) VALUES (270, 'Lotad', 'Water', 'Grass', 1, 'Basic', 'Hoenn');
INSERT INTO pokemon(dexnum, name, type1, type2, evo_status, mon_status, region) VALUES (271, 'Lombre', 'Water', 'Grass', 2, 'Basic', 'Hoenn');
INSERT INTO pokemon(dexnum, name, type1, type2, evo_status, mon_status, region) VALUES (272, 'Ludicolo', 'Water', 'Grass', 3, 'Basic', 'Hoenn');
INSERT INTO pokemon(dexnum, name, type1, type2, evo_status, mon_status, region) VALUES (273, 'Seedot', 'Grass', 'n/a', 1, 'Basic', 'Hoenn');
INSERT INTO pokemon(dexnum, name, type1, type2, evo_status, mon_status, region) VALUES (274, 'Nuzleaf', 'Grass', 'Dark', 2, 'Basic', 'Hoenn');
INSERT INTO pokemon(dexnum, name, type1, type2, evo_status, mon_status, region) VALUES (275, 'Shiftry', 'Grass', 'Dark', 3, 'Basic', 'Hoenn');
INSERT INTO pokemon(dexnum, name, type1, type2, evo_status, mon_status, region) VALUES (276, 'Taillow', 'Normal', 'Flying', 1, 'Basic', 'Hoenn');
INSERT INTO pokemon(dexnum, name, type1, type2, evo_status, mon_status, region) VALUES (277, 'Swellow', 'Normal', 'Flying', 2, 'Basic', 'Hoenn');
INSERT INTO pokemon(dexnum, name, type1, type2, evo_status, mon_status, region) VALUES (278, 'Wingull', 'Water', 'Flying', 1, 'Basic', 'Hoenn');
INSERT INTO pokemon(dexnum, name, type1, type2, evo_status, mon_status, region) VALUES (279, 'Pelipper', 'Water', 'Flying', 2, 'Basic', 'Hoenn');
INSERT INTO pokemon(dexnum, name, type1, type2, evo_status, mon_status, region) VALUES (280, 'Ralts', 'Psychic', 'Fairy', 1, 'Basic', 'Hoenn');
INSERT INTO pokemon(dexnum, name, type1, type2, evo_status, mon_status, region) VALUES (281, 'Kirlia', 'Psychic', 'Fairy', 2, 'Basic', 'Hoenn');
INSERT INTO pokemon(dexnum, name, type1, type2, evo_status, mon_status, region) VALUES (282, 'Gardevoir', 'Psychic', 'Fairy', 3, 'Basic', 'Hoenn');
INSERT INTO pokemon(dexnum, name, type1, type2, evo_status, mon_status, region) VALUES (283, 'Surskit', 'Bug', 'Water', 1, 'Basic', 'Hoenn');
INSERT INTO pokemon(dexnum, name, type1, type2, evo_status, mon_status, region) VALUES (284, 'Masquerain', 'Bug', 'Flying', 2, 'Basic', 'Hoenn');
INSERT INTO pokemon(dexnum, name, type1, type2, evo_status, mon_status, region) VALUES (285, 'Shroomish', 'Grass', 'n/a', 1, 'Basic', 'Hoenn');
INSERT INTO pokemon(dexnum, name, type1, type2, evo_status, mon_status, region) VALUES (286, 'Breloom', 'Grass', 'Fighting', 2, 'Basic', 'Hoenn');
INSERT INTO pokemon(dexnum, name, type1, type2, evo_status, mon_status, region) VALUES (287, 'Slakoth', 'Normal', 'n/a', 1, 'Basic', 'Hoenn');
INSERT INTO pokemon(dexnum, name, type1, type2, evo_status, mon_status, region) VALUES (288, 'Vigoroth', 'Normal', 'n/a', 2, 'Basic', 'Hoenn');
INSERT INTO pokemon(dexnum, name, type1, type2, evo_status, mon_status, region) VALUES (289, 'Slaking', 'Normal', 'n/a', 3, 'Basic', 'Hoenn');
INSERT INTO pokemon(dexnum, name, type1, type2, evo_status, mon_status, region) VALUES (290, 'Nincada', 'Bug', 'Ground', 1, 'Basic', 'Hoenn');
INSERT INTO pokemon(dexnum, name, type1, type2, evo_status, mon_status, region) VALUES (291, 'Ninjask', 'Bug', 'Flying', 2, 'Basic', 'Hoenn');
INSERT INTO pokemon(dexnum, name, type1, type2, evo_status, mon_status, region) VALUES (292, 'Shedinja', 'Bug', 'Ghost', 2, 'Basic', 'Hoenn');
INSERT INTO pokemon(dexnum, name, type1, type2, evo_status, mon_status, region) VALUES (293, 'Whismur', 'Normal', 'n/a', 1, 'Basic', 'Hoenn');
INSERT INTO pokemon(dexnum, name, type1, type2, evo_status, mon_status, region) VALUES (294, 'Loudred', 'Normal', 'n/a', 2, 'Basic', 'Hoenn');
INSERT INTO pokemon(dexnum, name, type1, type2, evo_status, mon_status, region) VALUES (295, 'Exploud', 'Normal', 'n/a', 3, 'Basic', 'Hoenn');
INSERT INTO pokemon(dexnum, name, type1, type2, evo_status, mon_status, region) VALUES (296, 'Makuhita', 'Fighting', 'n/a', 1, 'Basic', 'Hoenn');
INSERT INTO pokemon(dexnum, name, type1, type2, evo_status, mon_status, region) VALUES (297, 'Hariyama', 'Fighting', 'n/a', 2, 'Basic', 'Hoenn');
INSERT INTO pokemon(dexnum, name, type1, type2, evo_status, mon_status, region) VALUES (298, 'Azurill', 'Normal', 'Fairy', 1, 'Baby', 'Hoenn');
INSERT INTO pokemon(dexnum, name, type1, type2, evo_status, mon_status, region) VALUES (299, 'Nosepass', 'Rock', 'n/a', 1, 'Basic', 'Hoenn');
INSERT INTO pokemon(dexnum, name, type1, type2, evo_status, mon_status, region) VALUES (300, 'Skitty', 'Normal', 'n/a', 1, 'Basic', 'Hoenn');
INSERT INTO pokemon(dexnum, name, type1, type2, evo_status, mon_status, region) VALUES (301, 'Delcatty', 'Normal', 'n/a', 2, 'Basic', 'Hoenn');
INSERT INTO pokemon(dexnum, name, type1, type2, evo_status, mon_status, region) VALUES (302, 'Sableye', 'Dark', 'Ghost', 1, 'Basic', 'Hoenn');
INSERT INTO pokemon(dexnum, name, type1, type2, evo_status, mon_status, region) VALUES (303, 'Mawile', 'Steel', 'Fairy', 1, 'Basic', 'Hoenn');
INSERT INTO pokemon(dexnum, name, type1, type2, evo_status, mon_status, region) VALUES (304, 'Aron', 'Steel', 'Rock', 1, 'Basic', 'Hoenn');
INSERT INTO pokemon(dexnum, name, type1, type2, evo_status, mon_status, region) VALUES (305, 'Lairon', 'Steel', 'Rock', 2, 'Basic', 'Hoenn');
INSERT INTO pokemon(dexnum, name, type1, type2, evo_status, mon_status, region) VALUES (306, 'Aggron', 'Steel', 'Rock', 3, 'Basic', 'Hoenn');
INSERT INTO pokemon(dexnum, name, type1, type2, evo_status, mon_status, region) VALUES (307, 'Meditite', 'Fighting', 'Psychic', 1, 'Basic', 'Hoenn');
INSERT INTO pokemon(dexnum, name, type1, type2, evo_status, mon_status, region) VALUES (308, 'Medicham', 'Fighting', 'Psychic', 2, 'Basic', 'Hoenn');
INSERT INTO pokemon(dexnum, name, type1, type2, evo_status, mon_status, region) VALUES (309, 'Electrike', 'Electric', 'n/a', 1, 'Basic', 'Hoenn');
INSERT INTO pokemon(dexnum, name, type1, type2, evo_status, mon_status, region) VALUES (310, 'Manectric', 'Electric', 'n/a', 2, 'Basic', 'Hoenn');
INSERT INTO pokemon(dexnum, name, type1, type2, evo_status, mon_status, region) VALUES (311, 'Plusle', 'Electric', 'n/a', 1, 'Basic', 'Hoenn');
INSERT INTO pokemon(dexnum, name, type1, type2, evo_status, mon_status, region) VALUES (312, 'Minun', 'Electric', 'n/a', 1, 'Basic', 'Hoenn');
INSERT INTO pokemon(dexnum, name, type1, type2, evo_status, mon_status, region) VALUES (313, 'Volbeat', 'Bug', 'n/a', 1, 'Basic', 'Hoenn');
INSERT INTO pokemon(dexnum, name, type1, type2, evo_status, mon_status, region) VALUES (314, 'Illumise', 'Bug', 'n/a', 1, 'Basic', 'Hoenn');
INSERT INTO pokemon(dexnum, name, type1, type2, evo_status, mon_status, region) VALUES (315, 'Roselia', 'Grass', 'Poison', 1, 'Basic', 'Hoenn');
INSERT INTO pokemon(dexnum, name, type1, type2, evo_status, mon_status, region) VALUES (316, 'Gulpin', 'Poison', 'n/a', 1, 'Basic', 'Hoenn');
INSERT INTO pokemon(dexnum, name, type1, type2, evo_status, mon_status, region) VALUES (317, 'Swalot', 'Poison', 'n/a', 2, 'Basic', 'Hoenn');
INSERT INTO pokemon(dexnum, name, type1, type2, evo_status, mon_status, region) VALUES (318, 'Carvanha', 'Water', 'Dark', 1, 'Basic', 'Hoenn');
INSERT INTO pokemon(dexnum, name, type1, type2, evo_status, mon_status, region) VALUES (319, 'Sharpedo', 'Water', 'Dark', 2, 'Basic', 'Hoenn');
INSERT INTO pokemon(dexnum, name, type1, type2, evo_status, mon_status, region) VALUES (320, 'Wailmer', 'Water', 'n/a', 1, 'Basic', 'Hoenn');
INSERT INTO pokemon(dexnum, name, type1, type2, evo_status, mon_status, region) VALUES (321, 'Wailord', 'Water', 'n/a', 2, 'Basic', 'Hoenn');
INSERT INTO pokemon(dexnum, name, type1, type2, evo_status, mon_status, region) VALUES (322, 'Numel', 'Fire', 'Ground', 1, 'Basic', 'Hoenn');
INSERT INTO pokemon(dexnum, name, type1, type2, evo_status, mon_status, region) VALUES (323, 'Camerupt', 'Fire', 'Ground', 2, 'Basic', 'Hoenn');
INSERT INTO pokemon(dexnum, name, type1, type2, evo_status, mon_status, region) VALUES (324, 'Torkoal', 'Fire', 'n/a', 1, 'Basic', 'Hoenn');
INSERT INTO pokemon(dexnum, name, type1, type2, evo_status, mon_status, region) VALUES (325, 'Spoink', 'Psychic', 'n/a', 1, 'Basic', 'Hoenn');
INSERT INTO pokemon(dexnum, name, type1, type2, evo_status, mon_status, region) VALUES (326, 'Grumpig', 'Psychic', 'n/a', 2, 'Basic', 'Hoenn');
INSERT INTO pokemon(dexnum, name, type1, type2, evo_status, mon_status, region) VALUES (327, 'Spinda', 'Normal', 'n/a', 1, 'Basic', 'Hoenn');
INSERT INTO pokemon(dexnum, name, type1, type2, evo_status, mon_status, region) VALUES (328, 'Trapinch', 'Ground', 'n/a', 1, 'Basic', 'Hoenn');
INSERT INTO pokemon(dexnum, name, type1, type2, evo_status, mon_status, region) VALUES (329, 'Vibrava', 'Ground', 'Dragon', 2, 'Basic', 'Hoenn');
INSERT INTO pokemon(dexnum, name, type1, type2, evo_status, mon_status, region) VALUES (330, 'Flygon', 'Ground', 'Dragon', 3, 'Basic', 'Hoenn');
INSERT INTO pokemon(dexnum, name, type1, type2, evo_status, mon_status, region) VALUES (331, 'Cacnea', 'Grass', 'n/a', 1, 'Basic', 'Hoenn');
INSERT INTO pokemon(dexnum, name, type1, type2, evo_status, mon_status, region) VALUES (332, 'Cacturne', 'Grass', 'Dark', 2, 'Basic', 'Hoenn');
INSERT INTO pokemon(dexnum, name, type1, type2, evo_status, mon_status, region) VALUES (333, 'Swablu', 'Normal', 'Flying', 1, 'Basic', 'Hoenn');
INSERT INTO pokemon(dexnum, name, type1, type2, evo_status, mon_status, region) VALUES (334, 'Altaria', 'Dragon', 'Flying', 2, 'Basic', 'Hoenn');
INSERT INTO pokemon(dexnum, name, type1, type2, evo_status, mon_status, region) VALUES (335, 'Zangoose', 'Normal', 'n/a', 1, 'Basic', 'Hoenn');
INSERT INTO pokemon(dexnum, name, type1, type2, evo_status, mon_status, region) VALUES (336, 'Seviper', 'Poison', 'n/a', 1, 'Basic', 'Hoenn');
INSERT INTO pokemon(dexnum, name, type1, type2, evo_status, mon_status, region) VALUES (337, 'Lunatone', 'Rock', 'Psychic', 1, 'Basic', 'Hoenn');
INSERT INTO pokemon(dexnum, name, type1, type2, evo_status, mon_status, region) VALUES (338, 'Solrock', 'Rock', 'Psychic', 1, 'Basic', 'Hoenn');
INSERT INTO pokemon(dexnum, name, type1, type2, evo_status, mon_status, region) VALUES (339, 'Barboach', 'Water', 'Ground', 1, 'Basic', 'Hoenn');
INSERT INTO pokemon(dexnum, name, type1, type2, evo_status, mon_status, region) VALUES (340, 'Whiscash', 'Water', 'Ground', 2, 'Basic', 'Hoenn');
INSERT INTO pokemon(dexnum, name, type1, type2, evo_status, mon_status, region) VALUES (341, 'Corphish', 'Water', 'n/a', 1, 'Basic', 'Hoenn');
INSERT INTO pokemon(dexnum, name, type1, type2, evo_status, mon_status, region) VALUES (342, 'Crawdaunt', 'Water', 'Dark', 2, 'Basic', 'Hoenn');
INSERT INTO pokemon(dexnum, name, type1, type2, evo_status, mon_status, region) VALUES (343, 'Baltoy', 'Ground', 'Psychic', 1, 'Basic', 'Hoenn');
INSERT INTO pokemon(dexnum, name, type1, type2, evo_status, mon_status, region) VALUES (344, 'Claydol', 'Ground', 'Psychic', 2, 'Basic', 'Hoenn');
INSERT INTO pokemon(dexnum, name, type1, type2, evo_status, mon_status, region) VALUES (345, 'Lileep', 'Rock', 'Grass', 1, 'Fossil', 'Hoenn');
INSERT INTO pokemon(dexnum, name, type1, type2, evo_status, mon_status, region) VALUES (346, 'Cradily', 'Rock', 'Grass', 2, 'Fossil', 'Hoenn');
INSERT INTO pokemon(dexnum, name, type1, type2, evo_status, mon_status, region) VALUES (347, 'Anorith', 'Rock', 'Bug', 1, 'Fossil', 'Hoenn');
INSERT INTO pokemon(dexnum, name, type1, type2, evo_status, mon_status, region) VALUES (348, 'Armaldo', 'Rock', 'Bug', 2, 'Fossil', 'Hoenn');
INSERT INTO pokemon(dexnum, name, type1, type2, evo_status, mon_status, region) VALUES (349, 'Feebas', 'Water', 'n/a', 1, 'Basic', 'Hoenn');
INSERT INTO pokemon(dexnum, name, type1, type2, evo_status, mon_status, region) VALUES (350, 'Milotic', 'Water', 'n/a', 2, 'Basic', 'Hoenn');
INSERT INTO pokemon(dexnum, name, type1, type2, evo_status, mon_status, region) VALUES (351, 'Castform', 'Normal', 'n/a', 0, 'Basic', 'Hoenn');
INSERT INTO pokemon(dexnum, name, type1, type2, evo_status, mon_status, region) VALUES (352, 'Kecleon', 'Normal', 'n/a', 0, 'Basic', 'Hoenn');
INSERT INTO pokemon(dexnum, name, type1, type2, evo_status, mon_status, region) VALUES (353, 'Shuppet', 'Ghost', 'n/a', 1, 'Basic', 'Hoenn');
INSERT INTO pokemon(dexnum, name, type1, type2, evo_status, mon_status, region) VALUES (354, 'Banette', 'Ghost', 'n/a', 2, 'Basic', 'Hoenn');
INSERT INTO pokemon(dexnum, name, type1, type2, evo_status, mon_status, region) VALUES (355, 'Duskull', 'Ghost', 'n/a', 1, 'Basic', 'Hoenn');
INSERT INTO pokemon(dexnum, name, type1, type2, evo_status, mon_status, region) VALUES (356, 'Dusclops', 'Ghost', 'n/a', 2, 'Basic', 'Hoenn');
INSERT INTO pokemon(dexnum, name, type1, type2, evo_status, mon_status, region) VALUES (357, 'Tropius', 'Grass', 'Flying', 0, 'Basic', 'Hoenn');
INSERT INTO pokemon(dexnum, name, type1, type2, evo_status, mon_status, region) VALUES (358, 'Chimecho', 'Psychic', 'n/a', 0, 'Basic', 'Hoenn');
INSERT INTO pokemon(dexnum, name, type1, type2, evo_status, mon_status, region) VALUES (359, 'Absol', 'Dark', 'n/a', 0, 'Basic', 'Hoenn');
INSERT INTO pokemon(dexnum, name, type1, type2, evo_status, mon_status, region) VALUES (360, 'Wynaut', 'Psychic', 'n/a', 1, 'Baby', 'Hoenn');
INSERT INTO pokemon(dexnum, name, type1, type2, evo_status, mon_status, region) VALUES (361, 'Snorunt', 'Ice', 'n/a', 1, 'Basic', 'Hoenn');
INSERT INTO pokemon(dexnum, name, type1, type2, evo_status, mon_status, region) VALUES (362, 'Glalie', 'Ice', 'n/a', 2, 'Basic', 'Hoenn');
INSERT INTO pokemon(dexnum, name, type1, type2, evo_status, mon_status, region) VALUES (363, 'Spheal', 'Ice', 'Water', 1, 'Basic', 'Hoenn');
INSERT INTO pokemon(dexnum, name, type1, type2, evo_status, mon_status, region) VALUES (364, 'Sealeo', 'Ice', 'Water', 2, 'Basic', 'Hoenn');
INSERT INTO pokemon(dexnum, name, type1, type2, evo_status, mon_status, region) VALUES (365, 'Walrein', 'Ice', 'Water', 3, 'Basic', 'Hoenn');
INSERT INTO pokemon(dexnum, name, type1, type2, evo_status, mon_status, region) VALUES (366, 'Clamperl', 'Water', 'n/a', 1, 'Basic', 'Hoenn');
INSERT INTO pokemon(dexnum, name, type1, type2, evo_status, mon_status, region) VALUES (367, 'Huntail', 'Water', 'n/a', 2, 'Basic', 'Hoenn');
INSERT INTO pokemon(dexnum, name, type1, type2, evo_status, mon_status, region) VALUES (368, 'Gorebyss', 'Water', 'n/a', 2, 'Basic', 'Hoenn');
INSERT INTO pokemon(dexnum, name, type1, type2, evo_status, mon_status, region) VALUES (369, 'Relicanth', 'Water', 'Rock', 0, 'Basic', 'Hoenn');
INSERT INTO pokemon(dexnum, name, type1, type2, evo_status, mon_status, region) VALUES (370, 'Luvdisc', 'Water', 'n/a', 0, 'Basic', 'Hoenn');
INSERT INTO pokemon(dexnum, name, type1, type2, evo_status, mon_status, region) VALUES (371, 'Bagon', 'Dragon', 'n/a', 1, 'Pseudo-Legendary', 'Hoenn');
INSERT INTO pokemon(dexnum, name, type1, type2, evo_status, mon_status, region) VALUES (372, 'Shelgon', 'Dragon', 'n/a', 2, 'Pseudo-Legendary', 'Hoenn');
INSERT INTO pokemon(dexnum, name, type1, type2, evo_status, mon_status, region) VALUES (373, 'Salamence', 'Dragon', 'Flying', 3, 'Pseudo-Legendary', 'Hoenn');
INSERT INTO pokemon(dexnum, name, type1, type2, evo_status, mon_status, region) VALUES (374, 'Beldum', 'Steel', 'Psychic', 1, 'Pseudo-Legendary', 'Hoenn');
INSERT INTO pokemon(dexnum, name, type1, type2, evo_status, mon_status, region) VALUES (375, 'Metang', 'Steel', 'Psychic', 2, 'Pseudo-Legendary', 'Hoenn');
INSERT INTO pokemon(dexnum, name, type1, type2, evo_status, mon_status, region) VALUES (376, 'Metagross', 'Steel', 'Psychic', 3, 'Pseudo-Legendary', 'Hoenn');
INSERT INTO pokemon(dexnum, name, type1, type2, evo_status, mon_status, region) VALUES (377, 'Regirock', 'Rock', 'n/a', 0, 'Sub-Legendary', 'Hoenn');
INSERT INTO pokemon(dexnum, name, type1, type2, evo_status, mon_status, region) VALUES (378, 'Regice', 'Ice', 'n/a', 0, 'Sub-Legendary', 'Hoenn');
INSERT INTO pokemon(dexnum, name, type1, type2, evo_status, mon_status, region) VALUES (379, 'Registeel', 'Steel', 'n/a', 0, 'Sub-Legendary', 'Hoenn');
INSERT INTO pokemon(dexnum, name, type1, type2, evo_status, mon_status, region) VALUES (380, 'Latias', 'Dragon', 'Psychic', 0, 'Sub-Legendary', 'Hoenn');
INSERT INTO pokemon(dexnum, name, type1, type2, evo_status, mon_status, region) VALUES (381, 'Latios', 'Dragon', 'Psychic', 0, 'Sub-Legendary', 'Hoenn');
INSERT INTO pokemon(dexnum, name, type1, type2, evo_status, mon_status, region) VALUES (382, 'Kyogre', 'Water', 'n/a', 0, 'Legendary', 'Hoenn');
INSERT INTO pokemon(dexnum, name, type1, type2, evo_status, mon_status, region) VALUES (383, 'Groudon', 'Ground', 'n/a', 0, 'Legendary', 'Hoenn');
INSERT INTO pokemon(dexnum, name, type1, type2, evo_status, mon_status, region) VALUES (384, 'Rayquaza', 'Dragon', 'Flying', 0, 'Legendary', 'Hoenn');
INSERT INTO pokemon(dexnum, name, type1, type2, evo_status, mon_status, region) VALUES (385, 'Jirachi', 'Psychic', 'n/a', 0, 'Mythical', 'Hoenn');
INSERT INTO pokemon(dexnum, name, type1, type2, evo_status, mon_status, region) VALUES (386, 'Deoxys', 'Psychic', 'n/a', 0, 'Mythical', 'Hoenn');

--Sinnoh
INSERT INTO pokemon(dexnum, name, type1, type2, evo_status, mon_status, region) VALUES (387, 'Turtwig', 'Grass', 'n/a', 1, 'Starter', 'Sinnoh');
INSERT INTO pokemon(dexnum, name, type1, type2, evo_status, mon_status, region) VALUES (388, 'Grotle', 'Grass', 'n/a', 2, 'Starter', 'Sinnoh');
INSERT INTO pokemon(dexnum, name, type1, type2, evo_status, mon_status, region) VALUES (389, 'Torterra', 'Grass', 'Ground', 3, 'Starter', 'Sinnoh');
INSERT INTO pokemon(dexnum, name, type1, type2, evo_status, mon_status, region) VALUES (390, 'Chimchar', 'Fire', 'n/a', 1, 'Starter', 'Sinnoh');
INSERT INTO pokemon(dexnum, name, type1, type2, evo_status, mon_status, region) VALUES (391, 'Monferno', 'Fire', 'Fighting', 2, 'Starter', 'Sinnoh');
INSERT INTO pokemon(dexnum, name, type1, type2, evo_status, mon_status, region) VALUES (392, 'Infernape', 'Fire', 'Fighting', 3, 'Starter', 'Sinnoh');
INSERT INTO pokemon(dexnum, name, type1, type2, evo_status, mon_status, region) VALUES (393, 'Piplup', 'Water', 'n/a', 1, 'Starter', 'Sinnoh');
INSERT INTO pokemon(dexnum, name, type1, type2, evo_status, mon_status, region) VALUES (394, 'Prinplup', 'Water', 'n/a', 2, 'Starter', 'Sinnoh');
INSERT INTO pokemon(dexnum, name, type1, type2, evo_status, mon_status, region) VALUES (395, 'Empoleon', 'Water', 'Steel', 3, 'Starter', 'Sinnoh');
INSERT INTO pokemon(dexnum, name, type1, type2, evo_status, mon_status, region) VALUES (396, 'Starly', 'Normal', 'Flying', 1, 'Basic', 'Sinnoh');
INSERT INTO pokemon(dexnum, name, type1, type2, evo_status, mon_status, region) VALUES (397, 'Staravia', 'Normal', 'Flying', 2, 'Basic', 'Sinnoh');
INSERT INTO pokemon(dexnum, name, type1, type2, evo_status, mon_status, region) VALUES (398, 'Staraptor', 'Normal', 'Flying', 3, 'Basic', 'Sinnoh');
INSERT INTO pokemon(dexnum, name, type1, type2, evo_status, mon_status, region) VALUES (399, 'Bidoof', 'Normal', 'n/a', 1, 'Basic', 'Sinnoh');
INSERT INTO pokemon(dexnum, name, type1, type2, evo_status, mon_status, region) VALUES (400, 'Bibarel', 'Normal', 'Water', 2, 'Basic', 'Sinnoh');
INSERT INTO pokemon(dexnum, name, type1, type2, evo_status, mon_status, region) VALUES (401, 'Kricketot', 'Bug', 'n/a', 1, 'Basic', 'Sinnoh');
INSERT INTO pokemon(dexnum, name, type1, type2, evo_status, mon_status, region) VALUES (402, 'Kricketune', 'Bug', 'n/a', 2, 'Basic', 'Sinnoh');
INSERT INTO pokemon(dexnum, name, type1, type2, evo_status, mon_status, region) VALUES (403, 'Shinx', 'Electric', 'n/a', 1, 'Basic', 'Sinnoh');
INSERT INTO pokemon(dexnum, name, type1, type2, evo_status, mon_status, region) VALUES (404, 'Luxio', 'Electric', 'n/a', 2, 'Basic', 'Sinnoh');
INSERT INTO pokemon(dexnum, name, type1, type2, evo_status, mon_status, region) VALUES (405, 'Luxray', 'Electric', 'n/a', 3, 'Basic', 'Sinnoh');
INSERT INTO pokemon(dexnum, name, type1, type2, evo_status, mon_status, region) VALUES (406, 'Budew', 'Grass', 'Poison', 1, 'Baby', 'Sinnoh');
INSERT INTO pokemon(dexnum, name, type1, type2, evo_status, mon_status, region) VALUES (407, 'Roserade', 'Grass', 'Poison', 3, 'Basic', 'Sinnoh');
INSERT INTO pokemon(dexnum, name, type1, type2, evo_status, mon_status, region) VALUES (408, 'Cranidos', 'Rock', 'n/a', 1, 'Fossil', 'Sinnoh');
INSERT INTO pokemon(dexnum, name, type1, type2, evo_status, mon_status, region) VALUES (409, 'Rampardos', 'Rock', 'n/a', 2, 'Fossil', 'Sinnoh');
INSERT INTO pokemon(dexnum, name, type1, type2, evo_status, mon_status, region) VALUES (410, 'Shieldon', 'Rock', 'Steel', 1, 'Fossil', 'Sinnoh');
INSERT INTO pokemon(dexnum, name, type1, type2, evo_status, mon_status, region) VALUES (411, 'Bastiodon', 'Rock', 'Steel', 2, 'Fossil', 'Sinnoh');
INSERT INTO pokemon(dexnum, name, type1, type2, evo_status, mon_status, region) VALUES (412, 'Burmy', 'Bug', 'n/a', 1, 'Basic', 'Sinnoh');
INSERT INTO pokemon(dexnum, name, type1, type2, evo_status, mon_status, region) VALUES (413, 'Wormadam', 'Bug', 'Grass', 2, 'Basic', 'Sinnoh');
INSERT INTO pokemon(dexnum, name, type1, type2, evo_status, mon_status, region) VALUES (414, 'Mothim', 'Bug', 'Flying', 3, 'Basic', 'Sinnoh');
INSERT INTO pokemon(dexnum, name, type1, type2, evo_status, mon_status, region) VALUES (415, 'Combee', 'Bug', 'Flying', 1, 'Basic', 'Sinnoh');
INSERT INTO pokemon(dexnum, name, type1, type2, evo_status, mon_status, region) VALUES (416, 'Vespiquen', 'Bug', 'Flying', 2, 'Basic', 'Sinnoh');
INSERT INTO pokemon(dexnum, name, type1, type2, evo_status, mon_status, region) VALUES (417, 'Pachirisu', 'Electric', 'n/a', 0, 'Basic', 'Sinnoh');
INSERT INTO pokemon(dexnum, name, type1, type2, evo_status, mon_status, region) VALUES (418, 'Buizel', 'Water', 'n/a', 1, 'Basic', 'Sinnoh');
INSERT INTO pokemon(dexnum, name, type1, type2, evo_status, mon_status, region) VALUES (419, 'Floatzel', 'Water', 'n/a', 2, 'Basic', 'Sinnoh');
INSERT INTO pokemon(dexnum, name, type1, type2, evo_status, mon_status, region) VALUES (420, 'Cherubi', 'Grass', 'n/a', 1, 'Basic', 'Sinnoh');
INSERT INTO pokemon(dexnum, name, type1, type2, evo_status, mon_status, region) VALUES (421, 'Cherrim', 'Grass', 'n/a', 2, 'Basic', 'Sinnoh');
INSERT INTO pokemon(dexnum, name, type1, type2, evo_status, mon_status, region) VALUES (422, 'Shellos', 'Water', 'n/a', 1, 'Basic', 'Sinnoh');
INSERT INTO pokemon(dexnum, name, type1, type2, evo_status, mon_status, region) VALUES (423, 'Gastrodon', 'Water', 'Ground', 2, 'Basic', 'Sinnoh');
INSERT INTO pokemon(dexnum, name, type1, type2, evo_status, mon_status, region) VALUES (424, 'Ambipom', 'Normal', 'n/a', 2, 'Basic', 'Sinnoh');
INSERT INTO pokemon(dexnum, name, type1, type2, evo_status, mon_status, region) VALUES (425, 'Drifloon', 'Ghost', 'Flying', 1, 'Basic', 'Sinnoh');
INSERT INTO pokemon(dexnum, name, type1, type2, evo_status, mon_status, region) VALUES (426, 'Drifblim', 'Ghost', 'Flying', 2, 'Basic', 'Sinnoh');
INSERT INTO pokemon(dexnum, name, type1, type2, evo_status, mon_status, region) VALUES (427, 'Buneary', 'Normal', 'n/a', 1, 'Basic', 'Sinnoh');
INSERT INTO pokemon(dexnum, name, type1, type2, evo_status, mon_status, region) VALUES (428, 'Lopunny', 'Normal', 'n/a', 2, 'Basic', 'Sinnoh');
INSERT INTO pokemon(dexnum, name, type1, type2, evo_status, mon_status, region) VALUES (429, 'Mismagius', 'Ghost', 'n/a', 2, 'Basic', 'Sinnoh');
INSERT INTO pokemon(dexnum, name, type1, type2, evo_status, mon_status, region) VALUES (430, 'Honchkrow', 'Dark', 'Flying', 2, 'Basic', 'Sinnoh');
INSERT INTO pokemon(dexnum, name, type1, type2, evo_status, mon_status, region) VALUES (431, 'Glameow', 'Normal', 'n/a', 1, 'Basic', 'Sinnoh');
INSERT INTO pokemon(dexnum, name, type1, type2, evo_status, mon_status, region) VALUES (432, 'Purugly', 'Normal', 'n/a', 2, 'Basic', 'Sinnoh');
INSERT INTO pokemon(dexnum, name, type1, type2, evo_status, mon_status, region) VALUES (433, 'Chingling', 'Psychic', 'n/a', 1, 'Baby', 'Sinnoh');
INSERT INTO pokemon(dexnum, name, type1, type2, evo_status, mon_status, region) VALUES (434, 'Stunky', 'Poison', 'Dark', 1, 'Basic', 'Sinnoh');
INSERT INTO pokemon(dexnum, name, type1, type2, evo_status, mon_status, region) VALUES (435, 'Skuntank', 'Poison', 'Dark', 2, 'Basic', 'Sinnoh');
INSERT INTO pokemon(dexnum, name, type1, type2, evo_status, mon_status, region) VALUES (436, 'Bronzor', 'Steel', 'Psychic', 1, 'Basic', 'Sinnoh');
INSERT INTO pokemon(dexnum, name, type1, type2, evo_status, mon_status, region) VALUES (437, 'Bronzong', 'Steel', 'Psychic', 2, 'Basic', 'Sinnoh');
INSERT INTO pokemon(dexnum, name, type1, type2, evo_status, mon_status, region) VALUES (438, 'Bonsly', 'Rock', 'n/a', 1, 'Baby', 'Sinnoh');
INSERT INTO pokemon(dexnum, name, type1, type2, evo_status, mon_status, region) VALUES (439, 'Mime Jr.', 'Psychic', 'Fairy', 1, 'Baby', 'Sinnoh');
INSERT INTO pokemon(dexnum, name, type1, type2, evo_status, mon_status, region) VALUES (440, 'Happiny', 'Normal', 'n/a', 1, 'Baby', 'Sinnoh');
INSERT INTO pokemon(dexnum, name, type1, type2, evo_status, mon_status, region) VALUES (441, 'Chatot', 'Normal', 'Flying', 0, 'Basic', 'Sinnoh');
INSERT INTO pokemon(dexnum, name, type1, type2, evo_status, mon_status, region) VALUES (442, 'Spiritomb', 'Ghost', 'Dark', 0, 'Basic', 'Sinnoh');
INSERT INTO pokemon(dexnum, name, type1, type2, evo_status, mon_status, region) VALUES (443, 'Gible', 'Dragon', 'Ground', 1, 'Pseudo-Legendary', 'Sinnoh');
INSERT INTO pokemon(dexnum, name, type1, type2, evo_status, mon_status, region) VALUES (444, 'Gabite', 'Dragon', 'Ground', 2, 'Pseudo-Legendary', 'Sinnoh');
INSERT INTO pokemon(dexnum, name, type1, type2, evo_status, mon_status, region) VALUES (445, 'Garchomp', 'Dragon', 'Ground', 3, 'Pseudo-Legendary', 'Sinnoh');
INSERT INTO pokemon(dexnum, name, type1, type2, evo_status, mon_status, region) VALUES (446, 'Munchlax', 'Normal', 'n/a', 1, 'Baby', 'Sinnoh');
INSERT INTO pokemon(dexnum, name, type1, type2, evo_status, mon_status, region) VALUES (447, 'Riolu', 'Fighting', 'n/a', 1, 'Baby', 'Sinnoh');
INSERT INTO pokemon(dexnum, name, type1, type2, evo_status, mon_status, region) VALUES (448, 'Lucario', 'Fighting', 'Steel', 2, 'Basic', 'Sinnoh');
INSERT INTO pokemon(dexnum, name, type1, type2, evo_status, mon_status, region) VALUES (449, 'Hippopotas', 'Ground', 'n/a', 1, 'Basic', 'Sinnoh');
INSERT INTO pokemon(dexnum, name, type1, type2, evo_status, mon_status, region) VALUES (450, 'Hippowdon', 'Ground', 'n/a', 2, 'Basic', 'Sinnoh');
INSERT INTO pokemon(dexnum, name, type1, type2, evo_status, mon_status, region) VALUES (451, 'Skorupi', 'Poison', 'Bug', 1, 'Basic', 'Sinnoh');
INSERT INTO pokemon(dexnum, name, type1, type2, evo_status, mon_status, region) VALUES (452, 'Drapion', 'Poison', 'Dark', 2, 'Basic', 'Sinnoh');
INSERT INTO pokemon(dexnum, name, type1, type2, evo_status, mon_status, region) VALUES (453, 'Croagunk', 'Poison', 'Fighting', 1, 'Basic', 'Sinnoh');
INSERT INTO pokemon(dexnum, name, type1, type2, evo_status, mon_status, region) VALUES (454, 'Toxicroak', 'Poison', 'Fighting', 2, 'Basic', 'Sinnoh');
INSERT INTO pokemon(dexnum, name, type1, type2, evo_status, mon_status, region) VALUES (455, 'Carnivine', 'Grass', 'n/a', 0, 'Basic', 'Sinnoh');
INSERT INTO pokemon(dexnum, name, type1, type2, evo_status, mon_status, region) VALUES (456, 'Finneon', 'Water', 'n/a', 1, 'Basic', 'Sinnoh');
INSERT INTO pokemon(dexnum, name, type1, type2, evo_status, mon_status, region) VALUES (457, 'Lumineon', 'Water', 'n/a', 2, 'Basic', 'Sinnoh');
INSERT INTO pokemon(dexnum, name, type1, type2, evo_status, mon_status, region) VALUES (458, 'Mantyke', 'Water', 'Flying', 1, 'Baby', 'Sinnoh');
INSERT INTO pokemon(dexnum, name, type1, type2, evo_status, mon_status, region) VALUES (459, 'Snover', 'Grass', 'Ice', 1, 'Basic', 'Sinnoh');
INSERT INTO pokemon(dexnum, name, type1, type2, evo_status, mon_status, region) VALUES (460, 'Abomasnow', 'Grass', 'Ice', 2, 'Basic', 'Sinnoh');
INSERT INTO pokemon(dexnum, name, type1, type2, evo_status, mon_status, region) VALUES (461, 'Weavile', 'Dark', 'Ice', 2, 'Basic', 'Sinnoh');
INSERT INTO pokemon(dexnum, name, type1, type2, evo_status, mon_status, region) VALUES (462, 'Magnezone', 'Electric', 'Steel', 3, 'Basic', 'Sinnoh');
INSERT INTO pokemon(dexnum, name, type1, type2, evo_status, mon_status, region) VALUES (463, 'Lickilicky', 'Normal', 'n/a', 2, 'Basic', 'Sinnoh');
INSERT INTO pokemon(dexnum, name, type1, type2, evo_status, mon_status, region) VALUES (464, 'Rhyperior', 'Ground', 'Rock', 3, 'Basic', 'Sinnoh');
INSERT INTO pokemon(dexnum, name, type1, type2, evo_status, mon_status, region) VALUES (465, 'Tangrowth', 'Grass', 'n/a', 2, 'Basic', 'Sinnoh');
INSERT INTO pokemon(dexnum, name, type1, type2, evo_status, mon_status, region) VALUES (466, 'Electivire', 'Electric', 'n/a', 3, 'Basic', 'Sinnoh');
INSERT INTO pokemon(dexnum, name, type1, type2, evo_status, mon_status, region) VALUES (467, 'Magmortar', 'Fire', 'n/a', 3, 'Basic', 'Sinnoh');
INSERT INTO pokemon(dexnum, name, type1, type2, evo_status, mon_status, region) VALUES (468, 'Togekiss', 'Fairy', 'Flying', 3, 'Basic', 'Sinnoh');
INSERT INTO pokemon(dexnum, name, type1, type2, evo_status, mon_status, region) VALUES (469, 'Yanmega', 'Bug', 'Flying', 2, 'Basic', 'Sinnoh');
INSERT INTO pokemon(dexnum, name, type1, type2, evo_status, mon_status, region) VALUES (470, 'Leafeon', 'Grass', 'n/a', 2, 'Basic', 'Sinnoh');
INSERT INTO pokemon(dexnum, name, type1, type2, evo_status, mon_status, region) VALUES (471, 'Glaceon', 'Ice', 'n/a', 2, 'Basic', 'Sinnoh');
INSERT INTO pokemon(dexnum, name, type1, type2, evo_status, mon_status, region) VALUES (472, 'Gliscor', 'Ground', 'Flying', 2, 'Basic', 'Sinnoh');
INSERT INTO pokemon(dexnum, name, type1, type2, evo_status, mon_status, region) VALUES (473, 'Mamoswine', 'Ice', 'Ground', 3, 'Basic', 'Sinnoh');
INSERT INTO pokemon(dexnum, name, type1, type2, evo_status, mon_status, region) VALUES (474, 'Porygon-Z', 'Normal', 'n/a', 3, 'Basic', 'Sinnoh');
INSERT INTO pokemon(dexnum, name, type1, type2, evo_status, mon_status, region) VALUES (475, 'Gallade', 'Psychic', 'Fighting', 3, 'Basic', 'Sinnoh');
INSERT INTO pokemon(dexnum, name, type1, type2, evo_status, mon_status, region) VALUES (476, 'Probopass', 'Rock', 'Steel', 2, 'Basic', 'Sinnoh');
INSERT INTO pokemon(dexnum, name, type1, type2, evo_status, mon_status, region) VALUES (477, 'Dusknoir', 'Ghost', 'n/a', 2, 'Basic', 'Sinnoh');
INSERT INTO pokemon(dexnum, name, type1, type2, evo_status, mon_status, region) VALUES (478, 'Froslass', 'Ice', 'Ghost', 2, 'Basic', 'Sinnoh');
INSERT INTO pokemon(dexnum, name, type1, type2, evo_status, mon_status, region) VALUES (479, 'Rotom', 'Electric', 'Ghost', 1, 'Basic', 'Sinnoh');
INSERT INTO pokemon(dexnum, name, type1, type2, evo_status, mon_status, region) VALUES (480, 'Uxie', 'Psychic', 'n/a', 0, 'Sub-Legendary', 'Sinnoh');
INSERT INTO pokemon(dexnum, name, type1, type2, evo_status, mon_status, region) VALUES (481, 'Mesprit', 'Psychic', 'n/a', 0, 'Sub-Legendary', 'Sinnoh');
INSERT INTO pokemon(dexnum, name, type1, type2, evo_status, mon_status, region) VALUES (482, 'Azelf', 'Psychic', 'n/a', 0, 'Sub-Legendary', 'Sinnoh');
INSERT INTO pokemon(dexnum, name, type1, type2, evo_status, mon_status, region) VALUES (483, 'Dialga', 'Steel', 'Dragon', 0, 'Legendary', 'Sinnoh');
INSERT INTO pokemon(dexnum, name, type1, type2, evo_status, mon_status, region) VALUES (484, 'Palkia', 'Water', 'Dragon', 0, 'Legendary', 'Sinnoh');
INSERT INTO pokemon(dexnum, name, type1, type2, evo_status, mon_status, region) VALUES (485, 'Heatran', 'Fire', 'Steel', 0, 'Sub-Legendary', 'Sinnoh');
INSERT INTO pokemon(dexnum, name, type1, type2, evo_status, mon_status, region) VALUES (486, 'Regigigas', 'Normal', 'n/a', 0, 'Sub-Legendary', 'Sinnoh');
INSERT INTO pokemon(dexnum, name, type1, type2, evo_status, mon_status, region) VALUES (487, 'Giratina', 'Ghost', 'Dragon', 0, 'Legendary', 'Sinnoh');
INSERT INTO pokemon(dexnum, name, type1, type2, evo_status, mon_status, region) VALUES (488, 'Cresselia', 'Psychic', 'n/a', 0, 'Sub-Legendary', 'Sinnoh');
INSERT INTO pokemon(dexnum, name, type1, type2, evo_status, mon_status, region) VALUES (489, 'Phione', 'Water', 'n/a', 0, 'Mythical', 'Sinnoh');
INSERT INTO pokemon(dexnum, name, type1, type2, evo_status, mon_status, region) VALUES (490, 'Manaphy', 'Water', 'n/a', 0, 'Mythical', 'Sinnoh');
INSERT INTO pokemon(dexnum, name, type1, type2, evo_status, mon_status, region) VALUES (491, 'Darkrai', 'Dark', 'n/a', 0, 'Mythical', 'Sinnoh');
INSERT INTO pokemon(dexnum, name, type1, type2, evo_status, mon_status, region) VALUES (492, 'Shaymin', 'Grass', 'n/a', 0, 'Mythical', 'Sinnoh');
INSERT INTO pokemon(dexnum, name, type1, type2, evo_status, mon_status, region) VALUES (493, 'Arceus', 'Normal', 'n/a', 0, 'Mythical', 'Sinnoh');

--Unova
INSERT INTO pokemon(dexnum, name, type1, type2, evo_status, mon_status, region) VALUES (494, 'Victini', 'Psychic', 'Fire', 0, 'Mythical', 'Unova');
INSERT INTO pokemon(dexnum, name, type1, type2, evo_status, mon_status, region) VALUES (495, 'Snivy', 'Grass', 'n/a', 1, 'Starter', 'Unova');
INSERT INTO pokemon(dexnum, name, type1, type2, evo_status, mon_status, region) VALUES (496, 'Servine', 'Grass', 'n/a', 2, 'Starter', 'Unova');
INSERT INTO pokemon(dexnum, name, type1, type2, evo_status, mon_status, region) VALUES (497, 'Serperior', 'Grass', 'n/a', 3, 'Starter', 'Unova');
INSERT INTO pokemon(dexnum, name, type1, type2, evo_status, mon_status, region) VALUES (498, 'Tepig', 'Fire', 'n/a', 1, 'Starter', 'Unova');
INSERT INTO pokemon(dexnum, name, type1, type2, evo_status, mon_status, region) VALUES (499, 'Pignite', 'Fire', 'Fighting', 2, 'Starter', 'Unova');
INSERT INTO pokemon(dexnum, name, type1, type2, evo_status, mon_status, region) VALUES (500, 'Emboar', 'Fire', 'Fighting', 3, 'Starter', 'Unova');
INSERT INTO pokemon(dexnum, name, type1, type2, evo_status, mon_status, region) VALUES (501, 'Oshawott', 'Water', 'n/a', 1, 'Starter', 'Unova');
INSERT INTO pokemon(dexnum, name, type1, type2, evo_status, mon_status, region) VALUES (502, 'Dewott', 'Water', 'n/a', 2, 'Starter', 'Unova');
INSERT INTO pokemon(dexnum, name, type1, type2, evo_status, mon_status, region) VALUES (503, 'Samurott', 'Water', 'n/a', 3, 'Starter', 'Unova');
INSERT INTO pokemon(dexnum, name, type1, type2, evo_status, mon_status, region) VALUES (504, 'Patrat', 'Normal', 'n/a', 1, 'Basic', 'Unova');
INSERT INTO pokemon(dexnum, name, type1, type2, evo_status, mon_status, region) VALUES (505, 'Watchog', 'Normal', 'n/a', 2, 'Basic', 'Unova');
INSERT INTO pokemon(dexnum, name, type1, type2, evo_status, mon_status, region) VALUES (506, 'Lillipup', 'Normal', 'n/a', 1, 'Basic', 'Unova');
INSERT INTO pokemon(dexnum, name, type1, type2, evo_status, mon_status, region) VALUES (507, 'Herdier', 'Normal', 'n/a', 2, 'Basic', 'Unova');
INSERT INTO pokemon(dexnum, name, type1, type2, evo_status, mon_status, region) VALUES (508, 'Stoutland', 'Normal', 'n/a', 3, 'Basic', 'Unova');
INSERT INTO pokemon(dexnum, name, type1, type2, evo_status, mon_status, region) VALUES (509, 'Purrloin', 'Dark', 'n/a', 1, 'Basic', 'Unova');
INSERT INTO pokemon(dexnum, name, type1, type2, evo_status, mon_status, region) VALUES (510, 'Liepard', 'Dark', 'n/a', 2, 'Basic', 'Unova');
INSERT INTO pokemon(dexnum, name, type1, type2, evo_status, mon_status, region) VALUES (511, 'Pansage', 'Grass', 'n/a', 1, 'Basic', 'Unova');
INSERT INTO pokemon(dexnum, name, type1, type2, evo_status, mon_status, region) VALUES (512, 'Simisage', 'Grass', 'n/a', 2, 'Basic', 'Unova');
INSERT INTO pokemon(dexnum, name, type1, type2, evo_status, mon_status, region) VALUES (513, 'Pansear', 'Fire', 'n/a', 1, 'Basic', 'Unova');
INSERT INTO pokemon(dexnum, name, type1, type2, evo_status, mon_status, region) VALUES (514, 'Simisear', 'Fire', 'n/a', 2, 'Basic', 'Unova');
INSERT INTO pokemon(dexnum, name, type1, type2, evo_status, mon_status, region) VALUES (515, 'Panpour', 'Water', 'n/a', 1, 'Basic', 'Unova');
INSERT INTO pokemon(dexnum, name, type1, type2, evo_status, mon_status, region) VALUES (516, 'Simipour', 'Water', 'n/a', 2, 'Basic', 'Unova');
INSERT INTO pokemon(dexnum, name, type1, type2, evo_status, mon_status, region) VALUES (517, 'Munna', 'Psychic', 'n/a', 1, 'Basic', 'Unova');
INSERT INTO pokemon(dexnum, name, type1, type2, evo_status, mon_status, region) VALUES (518, 'Musharna', 'Psychic', 'n/a', 2, 'Basic', 'Unova');
INSERT INTO pokemon(dexnum, name, type1, type2, evo_status, mon_status, region) VALUES (519, 'Pidove', 'Normal', 'Flying', 1, 'Basic', 'Unova');
INSERT INTO pokemon(dexnum, name, type1, type2, evo_status, mon_status, region) VALUES (520, 'Tranquill', 'Normal', 'Flying', 2, 'Basic', 'Unova');
INSERT INTO pokemon(dexnum, name, type1, type2, evo_status, mon_status, region) VALUES (521, 'Unfezant', 'Normal', 'Flying', 3, 'Basic', 'Unova');
INSERT INTO pokemon(dexnum, name, type1, type2, evo_status, mon_status, region) VALUES (522, 'Blitzle', 'Electric', 'n/a', 1, 'Basic', 'Unova');
INSERT INTO pokemon(dexnum, name, type1, type2, evo_status, mon_status, region) VALUES (523, 'Zebstrika', 'Electric', 'n/a', 2, 'Basic', 'Unova');
INSERT INTO pokemon(dexnum, name, type1, type2, evo_status, mon_status, region) VALUES (524, 'Roggenrola', 'Rock', 'n/a', 1, 'Basic', 'Unova');
INSERT INTO pokemon(dexnum, name, type1, type2, evo_status, mon_status, region) VALUES (525, 'Boldore', 'Rock', 'n/a', 2, 'Basic', 'Unova');
INSERT INTO pokemon(dexnum, name, type1, type2, evo_status, mon_status, region) VALUES (526, 'Gigalith', 'Rock', 'n/a', 3, 'Basic', 'Unova');
INSERT INTO pokemon(dexnum, name, type1, type2, evo_status, mon_status, region) VALUES (527, 'Woobat', 'Psychic', 'Flying', 1, 'Basic', 'Unova');
INSERT INTO pokemon(dexnum, name, type1, type2, evo_status, mon_status, region) VALUES (528, 'Swoobat', 'Psychic', 'Flying', 2, 'Basic', 'Unova');
INSERT INTO pokemon(dexnum, name, type1, type2, evo_status, mon_status, region) VALUES (529, 'Drilbur', 'Ground', 'n/a', 1, 'Basic', 'Unova');
INSERT INTO pokemon(dexnum, name, type1, type2, evo_status, mon_status, region) VALUES (530, 'Excadrill', 'Ground', 'Steel', 2, 'Basic', 'Unova');
INSERT INTO pokemon(dexnum, name, type1, type2, evo_status, mon_status, region) VALUES (531, 'Audino', 'Normal', 'n/a', 1, 'Basic', 'Unova');
INSERT INTO pokemon(dexnum, name, type1, type2, evo_status, mon_status, region) VALUES (532, 'Timburr', 'Fighting', 'n/a', 1, 'Basic', 'Unova');
INSERT INTO pokemon(dexnum, name, type1, type2, evo_status, mon_status, region) VALUES (533, 'Gurdurr', 'Fighting', 'n/a', 2, 'Basic', 'Unova');
INSERT INTO pokemon(dexnum, name, type1, type2, evo_status, mon_status, region) VALUES (534, 'Conkeldurr', 'Fighting', 'n/a', 3, 'Basic', 'Unova');
INSERT INTO pokemon(dexnum, name, type1, type2, evo_status, mon_status, region) VALUES (535, 'Tympole', 'Water', 'n/a', 1, 'Basic', 'Unova');
INSERT INTO pokemon(dexnum, name, type1, type2, evo_status, mon_status, region) VALUES (536, 'Palpitoad', 'Water', 'Ground', 2, 'Basic', 'Unova');
INSERT INTO pokemon(dexnum, name, type1, type2, evo_status, mon_status, region) VALUES (537, 'Seismitoad', 'Water', 'Ground', 3, 'Basic', 'Unova');
INSERT INTO pokemon(dexnum, name, type1, type2, evo_status, mon_status, region) VALUES (538, 'Throh', 'Fighting', 'n/a', 1, 'Basic', 'Unova');
INSERT INTO pokemon(dexnum, name, type1, type2, evo_status, mon_status, region) VALUES (539, 'Sawk', 'Fighting', 'n/a', 1, 'Basic', 'Unova');
INSERT INTO pokemon(dexnum, name, type1, type2, evo_status, mon_status, region) VALUES (540, 'Sewaddle', 'Bug', 'Grass', 1, 'Basic', 'Unova');
INSERT INTO pokemon(dexnum, name, type1, type2, evo_status, mon_status, region) VALUES (541, 'Swadloon', 'Bug', 'Grass', 2, 'Basic', 'Unova');
INSERT INTO pokemon(dexnum, name, type1, type2, evo_status, mon_status, region) VALUES (542, 'Leavanny', 'Bug', 'Grass', 3, 'Basic', 'Unova');
INSERT INTO pokemon(dexnum, name, type1, type2, evo_status, mon_status, region) VALUES (543, 'Venipede', 'Bug', 'Poison', 1, 'Basic', 'Unova');
INSERT INTO pokemon(dexnum, name, type1, type2, evo_status, mon_status, region) VALUES (544, 'Whirlipede', 'Bug', 'Poison', 2, 'Basic', 'Unova');
INSERT INTO pokemon(dexnum, name, type1, type2, evo_status, mon_status, region) VALUES (545, 'Scolipede', 'Bug', 'Poison', 3, 'Basic', 'Unova');
INSERT INTO pokemon(dexnum, name, type1, type2, evo_status, mon_status, region) VALUES (546, 'Cottonee', 'Grass', 'Fairy', 1, 'Basic', 'Unova');
INSERT INTO pokemon(dexnum, name, type1, type2, evo_status, mon_status, region) VALUES (547, 'Whimsicott', 'Grass', 'Fairy', 2, 'Basic', 'Unova');
INSERT INTO pokemon(dexnum, name, type1, type2, evo_status, mon_status, region) VALUES (548, 'Petilil', 'Grass', 'n/a', 1, 'Basic', 'Unova');
INSERT INTO pokemon(dexnum, name, type1, type2, evo_status, mon_status, region) VALUES (549, 'Lilligant', 'Grass', 'n/a', 2, 'Basic', 'Unova');
INSERT INTO pokemon(dexnum, name, type1, type2, evo_status, mon_status, region) VALUES (550, 'Basculin', 'Water', 'n/a', 1, 'Basic', 'Unova');
INSERT INTO pokemon(dexnum, name, type1, type2, evo_status, mon_status, region) VALUES (551, 'Sandile', 'Ground', 'Dark', 1, 'Basic', 'Unova');
INSERT INTO pokemon(dexnum, name, type1, type2, evo_status, mon_status, region) VALUES (552, 'Krokorok', 'Ground', 'Dark', 2, 'Basic', 'Unova');
INSERT INTO pokemon(dexnum, name, type1, type2, evo_status, mon_status, region) VALUES (553, 'Krookodile', 'Ground', 'Dark', 3, 'Basic', 'Unova');
INSERT INTO pokemon(dexnum, name, type1, type2, evo_status, mon_status, region) VALUES (554, 'Darumaka', 'Fire', 'n/a', 1, 'Basic', 'Unova');
INSERT INTO pokemon(dexnum, name, type1, type2, evo_status, mon_status, region) VALUES (555, 'Darmanitan', 'Fire', 'n/a', 2, 'Basic', 'Unova');
INSERT INTO pokemon(dexnum, name, type1, type2, evo_status, mon_status, region) VALUES (556, 'Maractus', 'Grass', 'n/a', 1, 'Basic', 'Unova');
INSERT INTO pokemon(dexnum, name, type1, type2, evo_status, mon_status, region) VALUES (557, 'Dwebble', 'Bug', 'Rock', 1, 'Basic', 'Unova');
INSERT INTO pokemon(dexnum, name, type1, type2, evo_status, mon_status, region) VALUES (558, 'Crustle', 'Bug', 'Rock', 2, 'Basic', 'Unova');
INSERT INTO pokemon(dexnum, name, type1, type2, evo_status, mon_status, region) VALUES (559, 'Scraggy', 'Dark', 'Fighting', 1, 'Basic', 'Unova');
INSERT INTO pokemon(dexnum, name, type1, type2, evo_status, mon_status, region) VALUES (560, 'Scrafty', 'Dark', 'Fighting', 2, 'Basic', 'Unova');
INSERT INTO pokemon(dexnum, name, type1, type2, evo_status, mon_status, region) VALUES (561, 'Sigilyph', 'Psychic', 'Flying', 1, 'Basic', 'Unova');
INSERT INTO pokemon(dexnum, name, type1, type2, evo_status, mon_status, region) VALUES (562, 'Yamask', 'Ghost', 'n/a', 1, 'Basic', 'Unova');
INSERT INTO pokemon(dexnum, name, type1, type2, evo_status, mon_status, region) VALUES (563, 'Cofagrigus', 'Ghost', 'n/a', 2, 'Basic', 'Unova');
INSERT INTO pokemon(dexnum, name, type1, type2, evo_status, mon_status, region) VALUES (564, 'Tirtouga', 'Water', 'Rock', 1, 'Fossil', 'Unova');
INSERT INTO pokemon(dexnum, name, type1, type2, evo_status, mon_status, region) VALUES (565, 'Carracosta', 'Water', 'Rock', 2, 'Fossil', 'Unova');
INSERT INTO pokemon(dexnum, name, type1, type2, evo_status, mon_status, region) VALUES (566, 'Archen', 'Rock', 'Flying', 1, 'Fossil', 'Unova');
INSERT INTO pokemon(dexnum, name, type1, type2, evo_status, mon_status, region) VALUES (567, 'Archeops', 'Rock', 'Flying', 2, 'Fossil', 'Unova');
INSERT INTO pokemon(dexnum, name, type1, type2, evo_status, mon_status, region) VALUES (568, 'Trubbish', 'Poison', 'n/a', 1, 'Basic', 'Unova');
INSERT INTO pokemon(dexnum, name, type1, type2, evo_status, mon_status, region) VALUES (569, 'Garbodor', 'Poison', 'n/a', 2, 'Basic', 'Unova');
INSERT INTO pokemon(dexnum, name, type1, type2, evo_status, mon_status, region) VALUES (570, 'Zorua', 'Dark', 'n/a', 1, 'Basic', 'Unova');
INSERT INTO pokemon(dexnum, name, type1, type2, evo_status, mon_status, region) VALUES (571, 'Zoroark', 'Dark', 'n/a', 2, 'Basic', 'Unova');
INSERT INTO pokemon(dexnum, name, type1, type2, evo_status, mon_status, region) VALUES (572, 'Minccino', 'Normal', 'n/a', 1, 'Basic', 'Unova');
INSERT INTO pokemon(dexnum, name, type1, type2, evo_status, mon_status, region) VALUES (573, 'Cinccino', 'Normal', 'n/a', 2, 'Basic', 'Unova');
INSERT INTO pokemon(dexnum, name, type1, type2, evo_status, mon_status, region) VALUES (574, 'Gothita', 'Psychic', 'n/a', 1, 'Basic', 'Unova');
INSERT INTO pokemon(dexnum, name, type1, type2, evo_status, mon_status, region) VALUES (575, 'Gothorita', 'Psychic', 'n/a', 2, 'Basic', 'Unova');
INSERT INTO pokemon(dexnum, name, type1, type2, evo_status, mon_status, region) VALUES (576, 'Gothitelle', 'Psychic', 'n/a', 3, 'Basic', 'Unova');
INSERT INTO pokemon(dexnum, name, type1, type2, evo_status, mon_status, region) VALUES (577, 'Solosis', 'Psychic', 'n/a', 1, 'Basic', 'Unova');
INSERT INTO pokemon(dexnum, name, type1, type2, evo_status, mon_status, region) VALUES (578, 'Duosion', 'Psychic', 'n/a', 2, 'Basic', 'Unova');
INSERT INTO pokemon(dexnum, name, type1, type2, evo_status, mon_status, region) VALUES (579, 'Reuniclus', 'Psychic', 'n/a', 3, 'Basic', 'Unova');
INSERT INTO pokemon(dexnum, name, type1, type2, evo_status, mon_status, region) VALUES (580, 'Ducklett', 'Water', 'Flying', 1, 'Basic', 'Unova');
INSERT INTO pokemon(dexnum, name, type1, type2, evo_status, mon_status, region) VALUES (581, 'Swanna', 'Water', 'Flying', 2, 'Basic', 'Unova');
INSERT INTO pokemon(dexnum, name, type1, type2, evo_status, mon_status, region) VALUES (582, 'Vanillite', 'Ice', 'n/a', 1, 'Basic', 'Unova');
INSERT INTO pokemon(dexnum, name, type1, type2, evo_status, mon_status, region) VALUES (583, 'Vanillish', 'Ice', 'n/a', 2, 'Basic', 'Unova');
INSERT INTO pokemon(dexnum, name, type1, type2, evo_status, mon_status, region) VALUES (584, 'Vanilluxe', 'Ice', 'n/a', 3, 'Basic', 'Unova');
INSERT INTO pokemon(dexnum, name, type1, type2, evo_status, mon_status, region) VALUES (585, 'Deerling', 'Normal', 'Grass', 1, 'Basic', 'Unova');
INSERT INTO pokemon(dexnum, name, type1, type2, evo_status, mon_status, region) VALUES (586, 'Sawsbuck', 'Normal', 'Grass', 2, 'Basic', 'Unova');
INSERT INTO pokemon(dexnum, name, type1, type2, evo_status, mon_status, region) VALUES (587, 'Emolga', 'Electric', 'Flying', 0, 'Basic', 'Unova');
INSERT INTO pokemon(dexnum, name, type1, type2, evo_status, mon_status, region) VALUES (588, 'Karrablast', 'Bug', 'n/a', 1, 'Basic', 'Unova');
INSERT INTO pokemon(dexnum, name, type1, type2, evo_status, mon_status, region) VALUES (589, 'Escavalier', 'Bug', 'Steel', 2, 'Basic', 'Unova');
INSERT INTO pokemon(dexnum, name, type1, type2, evo_status, mon_status, region) VALUES (590, 'Foongus', 'Grass', 'Poison', 1, 'Basic', 'Unova');
INSERT INTO pokemon(dexnum, name, type1, type2, evo_status, mon_status, region) VALUES (591, 'Amoonguss', 'Grass', 'Poison', 2, 'Basic', 'Unova');
INSERT INTO pokemon(dexnum, name, type1, type2, evo_status, mon_status, region) VALUES (592, 'Frillish', 'Water', 'Ghost', 1, 'Basic', 'Unova');
INSERT INTO pokemon(dexnum, name, type1, type2, evo_status, mon_status, region) VALUES (593, 'Jellicent', 'Water', 'Ghost', 2, 'Basic', 'Unova');
INSERT INTO pokemon(dexnum, name, type1, type2, evo_status, mon_status, region) VALUES (594, 'Alomomola', 'Water', 'n/a', 0, 'Basic', 'Unova');
INSERT INTO pokemon(dexnum, name, type1, type2, evo_status, mon_status, region) VALUES (595, 'Joltik', 'Bug', 'Electric', 1, 'Basic', 'Unova');
INSERT INTO pokemon(dexnum, name, type1, type2, evo_status, mon_status, region) VALUES (596, 'Galvantula', 'Bug', 'Electric', 2, 'Basic', 'Unova');
INSERT INTO pokemon(dexnum, name, type1, type2, evo_status, mon_status, region) VALUES (597, 'Ferroseed', 'Grass', 'Steel', 1, 'Basic', 'Unova');
INSERT INTO pokemon(dexnum, name, type1, type2, evo_status, mon_status, region) VALUES (598, 'Ferrothorn', 'Grass', 'Steel', 2, 'Basic', 'Unova');
INSERT INTO pokemon(dexnum, name, type1, type2, evo_status, mon_status, region) VALUES (599, 'Klink', 'Steel', 'n/a', 1, 'Basic', 'Unova');
INSERT INTO pokemon(dexnum, name, type1, type2, evo_status, mon_status, region) VALUES (600, 'Klang', 'Steel', 'n/a', 2, 'Basic', 'Unova');
INSERT INTO pokemon(dexnum, name, type1, type2, evo_status, mon_status, region) VALUES (601, 'Klinklang', 'Steel', 'n/a', 3, 'Basic', 'Unova');
INSERT INTO pokemon(dexnum, name, type1, type2, evo_status, mon_status, region) VALUES (602, 'Tynamo', 'Electric', 'n/a', 1, 'Basic', 'Unova');
INSERT INTO pokemon(dexnum, name, type1, type2, evo_status, mon_status, region) VALUES (603, 'Eelektrik', 'Electric', 'n/a', 2, 'Basic', 'Unova');
INSERT INTO pokemon(dexnum, name, type1, type2, evo_status, mon_status, region) VALUES (604, 'Eelektross', 'Electric', 'n/a', 3, 'Basic', 'Unova');
INSERT INTO pokemon(dexnum, name, type1, type2, evo_status, mon_status, region) VALUES (605, 'Elgyem', 'Psychic', 'n/a', 1, 'Basic', 'Unova');
INSERT INTO pokemon(dexnum, name, type1, type2, evo_status, mon_status, region) VALUES (606, 'Beheeyem', 'Psychic', 'n/a', 2, 'Basic', 'Unova');
INSERT INTO pokemon(dexnum, name, type1, type2, evo_status, mon_status, region) VALUES (607, 'Litwick', 'Ghost', 'Fire', 1, 'Basic', 'Unova');
INSERT INTO pokemon(dexnum, name, type1, type2, evo_status, mon_status, region) VALUES (608, 'Lampent', 'Ghost', 'Fire', 2, 'Basic', 'Unova');
INSERT INTO pokemon(dexnum, name, type1, type2, evo_status, mon_status, region) VALUES (609, 'Chandelure', 'Ghost', 'Fire', 3, 'Basic', 'Unova');
INSERT INTO pokemon(dexnum, name, type1, type2, evo_status, mon_status, region) VALUES (610, 'Axew', 'Dragon', 'n/a', 1, 'Basic', 'Unova');
INSERT INTO pokemon(dexnum, name, type1, type2, evo_status, mon_status, region) VALUES (611, 'Fraxure', 'Dragon', 'n/a', 2, 'Basic', 'Unova');
INSERT INTO pokemon(dexnum, name, type1, type2, evo_status, mon_status, region) VALUES (612, 'Haxorus', 'Dragon', 'n/a', 3, 'Basic', 'Unova');
INSERT INTO pokemon(dexnum, name, type1, type2, evo_status, mon_status, region) VALUES (613, 'Cubchoo', 'Ice', 'n/a', 1, 'Basic', 'Unova');
INSERT INTO pokemon(dexnum, name, type1, type2, evo_status, mon_status, region) VALUES (614, 'Beartic', 'Ice', 'n/a', 2, 'Basic', 'Unova');
INSERT INTO pokemon(dexnum, name, type1, type2, evo_status, mon_status, region) VALUES (615, 'Cryogonal', 'Ice', 'n/a', 0, 'Basic', 'Unova');
INSERT INTO pokemon(dexnum, name, type1, type2, evo_status, mon_status, region) VALUES (616, 'Shelmet', 'Bug', 'n/a', 1, 'Basic', 'Unova');
INSERT INTO pokemon(dexnum, name, type1, type2, evo_status, mon_status, region) VALUES (617, 'Accelgor', 'Bug', 'n/a', 2, 'Basic', 'Unova');
INSERT INTO pokemon(dexnum, name, type1, type2, evo_status, mon_status, region) VALUES (618, 'Stunfisk', 'Ground', 'Electric', 0, 'Basic', 'Unova');
INSERT INTO pokemon(dexnum, name, type1, type2, evo_status, mon_status, region) VALUES (619, 'Mienfoo', 'Fighting', 'n/a', 1, 'Basic', 'Unova');
INSERT INTO pokemon(dexnum, name, type1, type2, evo_status, mon_status, region) VALUES (620, 'Mienshao', 'Fighting', 'n/a', 2, 'Basic', 'Unova');
INSERT INTO pokemon(dexnum, name, type1, type2, evo_status, mon_status, region) VALUES (621, 'Druddigon', 'Dragon', 'n/a', 0, 'Basic', 'Unova');
INSERT INTO pokemon(dexnum, name, type1, type2, evo_status, mon_status, region) VALUES (622, 'Golett', 'Ground', 'Ghost', 1, 'Basic', 'Unova');
INSERT INTO pokemon(dexnum, name, type1, type2, evo_status, mon_status, region) VALUES (623, 'Golurk', 'Ground', 'Ghost', 2, 'Basic', 'Unova');
INSERT INTO pokemon(dexnum, name, type1, type2, evo_status, mon_status, region) VALUES (624, 'Pawniard', 'Dark', 'Steel', 1, 'Basic', 'Unova');
INSERT INTO pokemon(dexnum, name, type1, type2, evo_status, mon_status, region) VALUES (625, 'Bisharp', 'Dark', 'Steel', 2, 'Basic', 'Unova');
INSERT INTO pokemon(dexnum, name, type1, type2, evo_status, mon_status, region) VALUES (626, 'Bouffalant', 'Normal', 'n/a', 0, 'Basic', 'Unova');
INSERT INTO pokemon(dexnum, name, type1, type2, evo_status, mon_status, region) VALUES (627, 'Rufflet', 'Normal', 'Flying', 1, 'Basic', 'Unova');
INSERT INTO pokemon(dexnum, name, type1, type2, evo_status, mon_status, region) VALUES (628, 'Braviary', 'Normal', 'Flying', 2, 'Basic', 'Unova');
INSERT INTO pokemon(dexnum, name, type1, type2, evo_status, mon_status, region) VALUES (629, 'Vullaby', 'Dark', 'Flying', 1, 'Basic', 'Unova');
INSERT INTO pokemon(dexnum, name, type1, type2, evo_status, mon_status, region) VALUES (630, 'Mandibuzz', 'Dark', 'Flying', 2, 'Basic', 'Unova');
INSERT INTO pokemon(dexnum, name, type1, type2, evo_status, mon_status, region) VALUES (631, 'Heatmor', 'Fire', 'n/a', 0, 'Basic', 'Unova');
INSERT INTO pokemon(dexnum, name, type1, type2, evo_status, mon_status, region) VALUES (632, 'Durant', 'Bug', 'Steel', 0, 'Basic', 'Unova');
INSERT INTO pokemon(dexnum, name, type1, type2, evo_status, mon_status, region) VALUES (633, 'Deino', 'Dark', 'Dragon', 1, 'Pseudo-Legendary', 'Unova');
INSERT INTO pokemon(dexnum, name, type1, type2, evo_status, mon_status, region) VALUES (634, 'Zweilous', 'Dark', 'Dragon', 2, 'Pseudo-Legendary', 'Unova');
INSERT INTO pokemon(dexnum, name, type1, type2, evo_status, mon_status, region) VALUES (635, 'Hydreigon', 'Dark', 'Dragon', 3, 'Pseudo-Legendary', 'Unova');
INSERT INTO pokemon(dexnum, name, type1, type2, evo_status, mon_status, region) VALUES (636, 'Larvesta', 'Bug', 'Fire', 1, 'Basic', 'Unova');
INSERT INTO pokemon(dexnum, name, type1, type2, evo_status, mon_status, region) VALUES (637, 'Volcarona', 'Bug', 'Fire', 2, 'Basic', 'Unova');
INSERT INTO pokemon(dexnum, name, type1, type2, evo_status, mon_status, region) VALUES (638, 'Cobalion', 'Steel', 'Fighting', 0, 'Sub-Legendary', 'Unova');
INSERT INTO pokemon(dexnum, name, type1, type2, evo_status, mon_status, region) VALUES (639, 'Terrakion', 'Rock', 'Fighting', 0, 'Sub-Legendary', 'Unova');
INSERT INTO pokemon(dexnum, name, type1, type2, evo_status, mon_status, region) VALUES (640, 'Virizion', 'Grass', 'Fighting', 0, 'Sub-Legendary', 'Unova');
INSERT INTO pokemon(dexnum, name, type1, type2, evo_status, mon_status, region) VALUES (641, 'Tornadus', 'Flying', 'n/a', 0, 'Sub-Legendary', 'Unova');
INSERT INTO pokemon(dexnum, name, type1, type2, evo_status, mon_status, region) VALUES (642, 'Thundurus', 'Electric', 'Flying', 0, 'Sub-Legendary', 'Unova');
INSERT INTO pokemon(dexnum, name, type1, type2, evo_status, mon_status, region) VALUES (643, 'Reshiram', 'Dragon', 'Fire', 0, 'Legendary', 'Unova');
INSERT INTO pokemon(dexnum, name, type1, type2, evo_status, mon_status, region) VALUES (644, 'Zekrom', 'Dragon', 'Electric', 0, 'Legendary', 'Unova');
INSERT INTO pokemon(dexnum, name, type1, type2, evo_status, mon_status, region) VALUES (645, 'Landorus', 'Ground', 'Flying', 0, 'Sub-Legendary', 'Unova');
INSERT INTO pokemon(dexnum, name, type1, type2, evo_status, mon_status, region) VALUES (646, 'Kyurem', 'Dragon', 'Ice', 0, 'Legendary', 'Unova');
INSERT INTO pokemon(dexnum, name, type1, type2, evo_status, mon_status, region) VALUES (647, 'Keldeo', 'Water', 'Fighting', 0, 'Mythical', 'Unova');
INSERT INTO pokemon(dexnum, name, type1, type2, evo_status, mon_status, region) VALUES (648, 'Meloetta', 'Normal', 'Psychic', 0, 'Mythical', 'Unova');
INSERT INTO pokemon(dexnum, name, type1, type2, evo_status, mon_status, region) VALUES (649, 'Genesect', 'Bug', 'Steel', 0, 'Mythical', 'Unova');


-- Inserting Locations
--Kanto
INSERT INTO locations(name, gym_leader, region) VALUES('Pallet Town', 'n/a', 'Kanto');
INSERT INTO locations(name, gym_leader, region) VALUES('Viridian City', 'Giovanni', 'Kanto');
INSERT INTO locations(name, gym_leader, region) VALUES('Pewter City', 'Brock', 'Kanto');
INSERT INTO locations(name, gym_leader, region) VALUES('Cerulean City', 'Misty', 'Kanto');
INSERT INTO locations(name, gym_leader, region) VALUES('Vermillion City', 'Lt. Surge', 'Kanto');
INSERT INTO locations(name, gym_leader, region) VALUES('Lavender Town', 'n/a', 'Kanto');
INSERT INTO locations(name, gym_leader, region) VALUES('Celadon City', 'Erika', 'Kanto');
INSERT INTO locations(name, gym_leader, region) VALUES('Fuchsia City', 'Koga', 'Kanto');
INSERT INTO locations(name, gym_leader, region) VALUES('Saffron City', 'Sabrina', 'Kanto');
INSERT INTO locations(name, gym_leader, region) VALUES('Cinnabar Island', 'Blaine', 'Kanto');

--Johto
INSERT INTO locations(name, gym_leader, region) VALUES('New Bark Town', 'n/a', 'Johto');
INSERT INTO locations(name, gym_leader, region) VALUES('Cherrygrove City', 'n/a', 'Johto');
INSERT INTO locations(name, gym_leader, region) VALUES('Violet City', 'Falkner', 'Johto');
INSERT INTO locations(name, gym_leader, region) VALUES('Azalea Town', 'Bugsy', 'Johto');
INSERT INTO locations(name, gym_leader, region) VALUES('Goldenrod City', 'Whitney', 'Johto');
INSERT INTO locations(name, gym_leader, region) VALUES('Ecruteak City', 'Morty', 'Johto');
INSERT INTO locations(name, gym_leader, region) VALUES('Olivine City', 'Jasmine', 'Johto');
INSERT INTO locations(name, gym_leader, region) VALUES('Cianwood City', 'Chuck', 'Johto');
INSERT INTO locations(name, gym_leader, region) VALUES('Mahogany Town', 'Pryce', 'Johto');
INSERT INTO locations(name, gym_leader, region) VALUES('Blackthorn City', 'Clair', 'Johto');

--Hoenn
INSERT INTO locations(name, gym_leader, region) VALUES('Littleroot Town', 'n/a', 'Hoenn');
INSERT INTO locations(name, gym_leader, region) VALUES('Oldale Town', 'n/a', 'Hoenn');
INSERT INTO locations(name, gym_leader, region) VALUES('Petalburg City', 'Norman', 'Hoenn');
INSERT INTO locations(name, gym_leader, region) VALUES('Rustboro City', 'Roxanne', 'Hoenn');
INSERT INTO locations(name, gym_leader, region) VALUES('Dewford Town', 'Brawly', 'Hoenn');
INSERT INTO locations(name, gym_leader, region) VALUES('Salteport City', 'n/a', 'Hoenn');
INSERT INTO locations(name, gym_leader, region) VALUES('Mauville City', 'Wattson', 'Hoenn');
INSERT INTO locations(name, gym_leader, region) VALUES('Verdanturf Town', 'n/a', 'Hoenn');
INSERT INTO locations(name, gym_leader, region) VALUES('Fallarbor Town', 'n/a', 'Hoenn');
INSERT INTO locations(name, gym_leader, region) VALUES('Lavaridge Town', 'Flannery', 'Hoenn');
INSERT INTO locations(name, gym_leader, region) VALUES('Fortree City', 'Winona', 'Hoenn');
INSERT INTO locations(name, gym_leader, region) VALUES('Lilycove City', 'n/a', 'Hoenn');
INSERT INTO locations(name, gym_leader, region) VALUES('Mossdeep City', 'Tate and Liza', 'Hoenn');
INSERT INTO locations(name, gym_leader, region) VALUES('Sootopolis City', 'Wallace', 'Hoenn');
INSERT INTO locations(name, gym_leader, region) VALUES('Pacidlog Town', 'n/a', 'Hoenn');
INSERT INTO locations(name, gym_leader, region) VALUES('Ever Grande City', 'n/a', 'Hoenn');

--Sinnoh
INSERT INTO locations(name, gym_leader, region) VALUES('Twinleaf Town', 'n/a', 'Sinnoh');
INSERT INTO locations(name, gym_leader, region) VALUES('Sandgem Town', 'n/a', 'Sinnoh');
INSERT INTO locations(name, gym_leader, region) VALUES('Jubilife City', 'n/a', 'Sinnoh');
INSERT INTO locations(name, gym_leader, region) VALUES('Oreburgh City', 'Roark', 'Sinnoh');
INSERT INTO locations(name, gym_leader, region) VALUES('Floaroma Town', 'n/a', 'Sinnoh');
INSERT INTO locations(name, gym_leader, region) VALUES('Eterna City', 'Gardenia', 'Sinnoh');
INSERT INTO locations(name, gym_leader, region) VALUES('Veilstone City', 'Maylene', 'Sinnoh');
INSERT INTO locations(name, gym_leader, region) VALUES('Celestic Town', 'n/a', 'Sinnoh');
INSERT INTO locations(name, gym_leader, region) VALUES('Pastoria City', 'Crasher Wake', 'Sinnoh');
INSERT INTO locations(name, gym_leader, region) VALUES('Hearthome City', 'Fantina', 'Sinnoh');
INSERT INTO locations(name, gym_leader, region) VALUES('Solaceon Town', 'n/a', 'Sinnoh');
INSERT INTO locations(name, gym_leader, region) VALUES('Canalave City', 'Byron', 'Sinnoh');
INSERT INTO locations(name, gym_leader, region) VALUES('Snowpoint City', 'Candice', 'Sinnoh');
INSERT INTO locations(name, gym_leader, region) VALUES('Sunyshore City', 'Volkner', 'Sinnoh');


--Unova
INSERT INTO locations(name, gym_leader, region) VALUES('Accumula Town', 'n/a', 'Unova');
INSERT INTO locations(name, gym_leader, region) VALUES('Catelia City', 'Burgh', 'Unova');
INSERT INTO locations(name, gym_leader, region) VALUES('Driftveil City', 'Clay', 'Unova');
INSERT INTO locations(name, gym_leader, region) VALUES('Icirrus City', 'Brycen', 'Unova');
INSERT INTO locations(name, gym_leader, region) VALUES('Lacunosa Town', 'n/a', 'Unova');
INSERT INTO locations(name, gym_leader, region) VALUES('Mistralton City', 'Skyla', 'Unova');
INSERT INTO locations(name, gym_leader, region) VALUES('Nacrene City', 'Lenora', 'Unova');
INSERT INTO locations(name, gym_leader, region) VALUES('Nimbasa City', 'Elesa', 'Unova');
INSERT INTO locations(name, gym_leader, region) VALUES('Nuvema Town', 'n/a', 'Unova');
INSERT INTO locations(name, gym_leader, region) VALUES('Opelucid City', 'Iris', 'Unova');
INSERT INTO locations(name, gym_leader, region) VALUES('Striation City', 'Cilan', 'Unova');
INSERT INTO locations(name, gym_leader, region) VALUES('Undella Town', 'n/a', 'Unova');
INSERT INTO locations(name, gym_leader, region) VALUES('Black City', 'n/a', 'Unova');
INSERT INTO locations(name, gym_leader, region) VALUES('White Forest', 'n/a', 'Unova');

-- Inserting People
INSERT INTO people(person_id) VALUES('1001');
INSERT INTO people(person_id) VALUES('1002');
INSERT INTO people(person_id) VALUES('1003');
INSERT INTO people(person_id) VALUES('1004');
INSERT INTO people(person_id) VALUES('1005');
INSERT INTO people(person_id) VALUES('1006');
INSERT INTO people(person_id) VALUES('1007');
INSERT INTO people(person_id) VALUES('1008');
INSERT INTO people(person_id) VALUES('1009');
INSERT INTO people(person_id) VALUES('1010');
INSERT INTO people(person_id) VALUES('1011');
INSERT INTO people(person_id) VALUES('1012');
INSERT INTO people(person_id) VALUES('1013');
INSERT INTO people(person_id) VALUES('1014');
INSERT INTO people(person_id) VALUES('1015');
INSERT INTO people(person_id) VALUES('1016');
INSERT INTO people(person_id) VALUES('1017');
INSERT INTO people(person_id) VALUES('1018');
INSERT INTO people(person_id) VALUES('1019');
INSERT INTO people(person_id) VALUES('1020');
INSERT INTO people(person_id) VALUES('1021');
INSERT INTO people(person_id) VALUES('1022');
INSERT INTO people(person_id) VALUES('1023');
INSERT INTO people(person_id) VALUES('1024');
INSERT INTO people(person_id) VALUES('1025');
INSERT INTO people(person_id) VALUES('1026');
INSERT INTO people(person_id) VALUES('1027');
INSERT INTO people(person_id) VALUES('1028');
INSERT INTO people(person_id) VALUES('1029');
INSERT INTO people(person_id) VALUES('1030');
INSERT INTO people(person_id) VALUES('1031');
INSERT INTO people(person_id) VALUES('1032');
INSERT INTO people(person_id) VALUES('1033');
INSERT INTO people(person_id) VALUES('1034');
INSERT INTO people(person_id) VALUES('1035');
INSERT INTO people(person_id) VALUES('1036');
INSERT INTO people(person_id) VALUES('1037');
INSERT INTO people(person_id) VALUES('1038');
INSERT INTO people(person_id) VALUES('1039');
INSERT INTO people(person_id) VALUES('1040');
INSERT INTO people(person_id) VALUES('1041');
INSERT INTO people(person_id) VALUES('1042');
INSERT INTO people(person_id) VALUES('1043');
INSERT INTO people(person_id) VALUES('1044');
INSERT INTO people(person_id) VALUES('1045');
INSERT INTO people(person_id) VALUES('1046');
INSERT INTO people(person_id) VALUES('1047');
INSERT INTO people(person_id) VALUES('1048');
INSERT INTO people(person_id) VALUES('1049');
INSERT INTO people(person_id) VALUES('1050');
INSERT INTO people(person_id) VALUES('1051');
INSERT INTO people(person_id) VALUES('1052');
INSERT INTO people(person_id) VALUES('1053');
INSERT INTO people(person_id) VALUES('1054');
INSERT INTO people(person_id) VALUES('1055');
INSERT INTO people(person_id) VALUES('1056');
INSERT INTO people(person_id) VALUES('1057');
INSERT INTO people(person_id) VALUES('1058');
INSERT INTO people(person_id) VALUES('1059');
INSERT INTO people(person_id) VALUES('1060');
INSERT INTO people(person_id) VALUES('1061');
INSERT INTO people(person_id) VALUES('1062');
INSERT INTO people(person_id) VALUES('1063');
INSERT INTO people(person_id) VALUES('1064');
INSERT INTO people(person_id) VALUES('1065');
INSERT INTO people(person_id) VALUES('1066');
INSERT INTO people(person_id) VALUES('1067');
INSERT INTO people(person_id) VALUES('1068');
INSERT INTO people(person_id) VALUES('1069');
INSERT INTO people(person_id) VALUES('1070');
INSERT INTO people(person_id) VALUES('1071');
INSERT INTO people(person_id) VALUES('1072');
INSERT INTO people(person_id) VALUES('1073');
INSERT INTO people(person_id) VALUES('1074');
INSERT INTO people(person_id) VALUES('1075');
INSERT INTO people(person_id) VALUES('1076');
INSERT INTO people(person_id) VALUES('1077');

--Inserting Professors
INSERT INTO professors(person_id, name, region, specialty, gender) VALUES('1001', 'Oak', 'Kanto', 'Ecology', 'Male');
INSERT INTO professors(person_id, name, region, specialty, gender) VALUES('1002', 'Elm', 'Johto', 'Breeding', 'Male');
INSERT INTO professors(person_id, name, region, specialty, gender) VALUES('1003', 'Birch', 'Hoenn', 'Habitats', 'Male');
INSERT INTO professors(person_id, name, region, specialty, gender) VALUES('1004', 'Rowan', 'Sinnoh', 'Evolution', 'Male');
INSERT INTO professors(person_id, name, region, specialty, gender) VALUES('1005', 'Juniper', 'Unova', 'Origin', 'Female');

--Inserting Rivals
INSERT INTO rivals(person_id, name, region, num_battles, gender) VALUES('1006', 'Blue', 'Kanto', 8, 'Male');
INSERT INTO rivals(person_id, name, region, num_battles, gender) VALUES('1007', 'Silver', 'Johto', 7, 'Male');
INSERT INTO rivals(person_id, name, region, num_battles, gender) VALUES('1008', 'Brendan', 'Hoenn', 4, 'Male');
INSERT INTO rivals(person_id, name, region, num_battles, gender) VALUES('1009', 'May', 'Hoenn', 4, 'Female');
INSERT INTO rivals(person_id, name, region, num_battles, gender) VALUES('1010', 'Wally', 'Hoenn', 6, 'Male');
INSERT INTO rivals(person_id, name, region, num_battles, gender) VALUES('1011', 'Barry', 'Sinnoh', 5, 'Male');
INSERT INTO rivals(person_id, name, region, num_battles, gender) VALUES('1012', 'Cheren', 'Unova', 8, 'Male');
INSERT INTO rivals(person_id, name, region, num_battles, gender) VALUES('1013', 'Bianca', 'Unova', 6, 'Female');
INSERT INTO rivals(person_id, name, region, num_battles, gender) VALUES('1014', 'N', 'Unova', 5, 'Male');

--Inserting gym leaders
INSERT INTO gym_leaders(person_id, name, region, location, type, badge, num_pokemon, ace_pokemon) VALUES ('1015', 'Brock', 'Kanto', 'Pewter City', 'Rock', 'Boulder', 2, 'Onix');
INSERT INTO gym_leaders(person_id, name, region, location, type, badge, num_pokemon, ace_pokemon) VALUES ('1016', 'Misty', 'Kanto', 'Cerulean City', 'Water', 'Cascade', 2, 'Starmie');
INSERT INTO gym_leaders(person_id, name, region, location, type, badge, num_pokemon, ace_pokemon) VALUES ('1017', 'Lt. Surge', 'Kanto', 'Vermillion City', 'Electric', 'Thunder', 3, 'Raichu');
INSERT INTO gym_leaders(person_id, name, region, location, type, badge, num_pokemon, ace_pokemon) VALUES ('1018', 'Erika', 'Kanto', 'Celadon City', 'Grass', 'Rainbow', 3, 'Vileplume');
INSERT INTO gym_leaders(person_id, name, region, location, type, badge, num_pokemon, ace_pokemon) VALUES ('1019', 'Koga', 'Kanto', 'Fuchsia City', 'Poison', 'Soul', 4, 'Weezing');
INSERT INTO gym_leaders(person_id, name, region, location, type, badge, num_pokemon, ace_pokemon) VALUES ('1020', 'Sabrina', 'Kanto', 'Saffron City', 'Psychic', 'Marsh', 4, 'Alakazam');
INSERT INTO gym_leaders(person_id, name, region, location, type, badge, num_pokemon, ace_pokemon) VALUES ('1021', 'Blaine', 'Kanto', 'Cinnabar Island', 'Fire', 'Volcano', 4, 'Arcanine');
INSERT INTO gym_leaders(person_id, name, region, location, type, badge, num_pokemon, ace_pokemon) VALUES ('1022', 'Giovanni', 'Kanto', 'Viridian City', 'Ground', 'Earth', 5, 'Rhydon');
INSERT INTO gym_leaders(person_id, name, region, location, type, badge, num_pokemon, ace_pokemon) VALUES ('1023', 'Falkner', 'Johto', 'Violet City', 'Flying', 'Zephyr', 2, 'Pidgeotto');
INSERT INTO gym_leaders(person_id, name, region, location, type, badge, num_pokemon, ace_pokemon) VALUES ('1024', 'Bugsy', 'Johto', 'Azalea Town', 'Bug', 'Hive', 3, 'Scyther');
INSERT INTO gym_leaders(person_id, name, region, location, type, badge, num_pokemon, ace_pokemon) VALUES ('1025', 'Whitney', 'Johto', 'Goldenrod City', 'Normal', 'Plain', 2, 'Miltank');
INSERT INTO gym_leaders(person_id, name, region, location, type, badge, num_pokemon, ace_pokemon) VALUES ('1026', 'Morty', 'Johto', 'Ecruteak City', 'Ghost', 'Fog', 4, 'Gengar');
INSERT INTO gym_leaders(person_id, name, region, location, type, badge, num_pokemon, ace_pokemon) VALUES ('1027', 'Jasmine', 'Johto', 'Olivine City', 'Fighting', 'Storm', 5, 'Poliwrath');
INSERT INTO gym_leaders(person_id, name, region, location, type, badge, num_pokemon, ace_pokemon) VALUES ('1028', 'Chuck', 'Johto', 'Cianwood City', 'Steel', 'Mineral', 3, 'Steelix');
INSERT INTO gym_leaders(person_id, name, region, location, type, badge, num_pokemon, ace_pokemon) VALUES ('1029', 'Pryce', 'Johto', 'Mahogany Town', 'Ice', 'Glacier', 3, 'Piloswine');
INSERT INTO gym_leaders(person_id, name, region, location, type, badge, num_pokemon, ace_pokemon) VALUES ('1030', 'Clair', 'Johto', 'Blackthorn City', 'Dragon', 'Rising', 4, 'Kingdra');
INSERT INTO gym_leaders(person_id, name, region, location, type, badge, num_pokemon, ace_pokemon) VALUES ('1031', 'Norman', 'Hoenn', 'Petalburg City', 'Normal', 'Balance', 3, 'Slaking');
INSERT INTO gym_leaders(person_id, name, region, location, type, badge, num_pokemon, ace_pokemon) VALUES ('1032', 'Roxanne', 'Hoenn', 'Rustboro City', 'Rock', 'Stone', 2, 'Nosepass');
INSERT INTO gym_leaders(person_id, name, region, location, type, badge, num_pokemon, ace_pokemon) VALUES ('1033', 'Brawly', 'Hoenn', 'Dewford Town', 'Fighting', 'Knuckle', 2, 'Makuhita');
INSERT INTO gym_leaders(person_id, name, region, location, type, badge, num_pokemon, ace_pokemon) VALUES ('1034', 'Watson', 'Hoenn', 'Mauville City', 'Electric', 'Dunamo', 3, 'Magneton');
INSERT INTO gym_leaders(person_id, name, region, location, type, badge, num_pokemon, ace_pokemon) VALUES ('1035', 'Flannery', 'Hoenn', 'Lavaridge Town', 'Fire', 'Heat', 3, 'Torkoal');
INSERT INTO gym_leaders(person_id, name, region, location, type, badge, num_pokemon, ace_pokemon) VALUES ('1036', 'Winona', 'Hoenn', 'Fortree City', 'Flying', 'Feather', 4, 'Altaria');
INSERT INTO gym_leaders(person_id, name, region, location, type, badge, num_pokemon, ace_pokemon) VALUES ('1037', 'Tate and Liza', 'Hoenn', 'Mossdeep City', 'Psychic', 'Mind', 2, 'Lunatone');
INSERT INTO gym_leaders(person_id, name, region, location, type, badge, num_pokemon, ace_pokemon) VALUES ('1038', 'Wallace', 'Hoenn', 'Sootopolis City', 'Water', 'Rain', 5, 'Milotic');
INSERT INTO gym_leaders(person_id, name, region, location, type, badge, num_pokemon, ace_pokemon) VALUES ('1039', 'Roark', 'Sinnoh', 'Oreburgh City', 'Rock', 'Coal', 3, 'Cranidos');
INSERT INTO gym_leaders(person_id, name, region, location, type, badge, num_pokemon, ace_pokemon) VALUES ('1040', 'Gardenia', 'Sinnoh', 'Eterna City', 'Grass', 'Forest', 3, 'Roserade');
INSERT INTO gym_leaders(person_id, name, region, location, type, badge, num_pokemon, ace_pokemon) VALUES ('1041', 'Maylene', 'Sinnoh', 'Veilstone City', 'Fighting', 'Cobble', 3, 'Lucario');
INSERT INTO gym_leaders(person_id, name, region, location, type, badge, num_pokemon, ace_pokemon) VALUES ('1042', 'Crasher Wake', 'Sinnoh', 'Pastoria City', 'Water', 'Fen', 3, 'Floatzel');
INSERT INTO gym_leaders(person_id, name, region, location, type, badge, num_pokemon, ace_pokemon) VALUES ('1043', 'Fantina', 'Sinnoh', 'Hearthome City', 'Ghost', 'Relic', 3, 'Mismagius');
INSERT INTO gym_leaders(person_id, name, region, location, type, badge, num_pokemon, ace_pokemon) VALUES ('1044', 'Byron', 'Sinnoh', 'Canalave City', 'Steel', 'Mine', 3, 'Bastiodon');
INSERT INTO gym_leaders(person_id, name, region, location, type, badge, num_pokemon, ace_pokemon) VALUES ('1045', 'Candice', 'Sinnoh', 'Snowpoint City', 'Ice', 'Icicle', 4, 'Abomasnow');
INSERT INTO gym_leaders(person_id, name, region, location, type, badge, num_pokemon, ace_pokemon) VALUES ('1046', 'Volkner', 'Sinnoh', 'Sunyshore City', 'Electric', 'Beacon', 4, 'Luxray');
INSERT INTO gym_leaders(person_id, name, region, location, type, badge, num_pokemon, ace_pokemon) VALUES ('1047', 'Cilan', 'Unova', 'Striation City', 'Grass', 'Trio', 2, 'Pansage');
INSERT INTO gym_leaders(person_id, name, region, location, type, badge, num_pokemon, ace_pokemon) VALUES ('1048', 'Lenora', 'Unova', 'Nacrene City', 'Normal', 'Basic', 2, 'Watchog');
INSERT INTO gym_leaders(person_id, name, region, location, type, badge, num_pokemon, ace_pokemon) VALUES ('1049', 'Burgh', 'Unova', 'Catelia City', 'Bug', 'Beetle', 3, 'Leavanny');
INSERT INTO gym_leaders(person_id, name, region, location, type, badge, num_pokemon, ace_pokemon) VALUES ('1050', 'Elesa', 'Unova', 'Nimbasa City', 'Electric', 'Bolt', 3, 'Zebstrika');
INSERT INTO gym_leaders(person_id, name, region, location, type, badge, num_pokemon, ace_pokemon) VALUES ('1051', 'Clay', 'Unova', 'Driftveil City', 'Ground', 'Quake', 3, 'Excadrill');
INSERT INTO gym_leaders(person_id, name, region, location, type, badge, num_pokemon, ace_pokemon) VALUES ('1052', 'Skyla', 'Unova', 'Mistralton City', 'Flying', 'Jet', 3, 'Swanna');
INSERT INTO gym_leaders(person_id, name, region, location, type, badge, num_pokemon, ace_pokemon) VALUES ('1053', 'Brycen', 'Unova', 'Icirrus City', 'Ice', 'Icicle', 3, 'Beartic');
INSERT INTO gym_leaders(person_id, name, region, location, type, badge, num_pokemon, ace_pokemon) VALUES ('1054', 'Iris', 'Unova', 'Opelucid City', 'Dragon', 'Legend', 3, 'Haxorus');

--Inserting elite4 members
INSERT INTO elite4(person_id, name, region, type, num_pokemon, ace_pokemon) VALUES ('1054', 'Lorelei', 'Kanto', 'Ice', 5, 'Lapras');
INSERT INTO elite4(person_id, name, region, type, num_pokemon, ace_pokemon) VALUES ('1055', 'Bruno', 'Kanto', 'Fighting', 5, 'Machamp');
INSERT INTO elite4(person_id, name, region, type, num_pokemon, ace_pokemon) VALUES ('1056', 'Agatha', 'Kanto', 'Ghost', 5, 'Gengar');
INSERT INTO elite4(person_id, name, region, type, num_pokemon, ace_pokemon) VALUES ('1057', 'Lance', 'Kanto', 'Dragon', 5, 'Dragonite');

INSERT INTO elite4(person_id, name, region, type, num_pokemon, ace_pokemon) VALUES ('1058', 'Will', 'Johto', 'Psychic', 5, 'Xatu');
INSERT INTO elite4(person_id, name, region, type, num_pokemon, ace_pokemon) VALUES ('1019', 'Koga', 'Johto', 'Poison', 5, 'Crobat');
INSERT INTO elite4(person_id, name, region, type, num_pokemon, ace_pokemon) VALUES ('1075', 'Bruno2', 'Johto', 'Fighting', 5, 'Machamp');
INSERT INTO elite4(person_id, name, region, type, num_pokemon, ace_pokemon) VALUES ('1059', 'Karen', 'Johto', 'Dark', 5, 'Houndoom');

INSERT INTO elite4(person_id, name, region, type, num_pokemon, ace_pokemon) VALUES ('1060', 'Sidney', 'Hoenn', 'Dark', 5, 'Absol');
INSERT INTO elite4(person_id, name, region, type, num_pokemon, ace_pokemon) VALUES ('1061', 'Phoebe', 'Hoenn', 'Ghost', 5, 'Dusclops');
INSERT INTO elite4(person_id, name, region, type, num_pokemon, ace_pokemon) VALUES ('1062', 'Glacia', 'Hoenn', 'Ice', 5, 'Walrein');
INSERT INTO elite4(person_id, name, region, type, num_pokemon, ace_pokemon) VALUES ('1063', 'Drake', 'Hoenn', 'Dragon', 5, 'Salamence');

INSERT INTO elite4(person_id, name, region, type, num_pokemon, ace_pokemon) VALUES ('1065', 'Aaron', 'Sinnoh', 'Bug', 5, 'Drapion');
INSERT INTO elite4(person_id, name, region, type, num_pokemon, ace_pokemon) VALUES ('1066', 'Bertha', 'Sinnoh', 'Ground', 5, 'Hippowdon');
INSERT INTO elite4(person_id, name, region, type, num_pokemon, ace_pokemon) VALUES ('1067', 'Flint', 'Sinnoh', 'Fire', 5, 'Infernape');
INSERT INTO elite4(person_id, name, region, type, num_pokemon, ace_pokemon) VALUES ('1068', 'Lucian', 'Sinnoh', 'Psychic', 5, 'Gallade');

INSERT INTO elite4(person_id, name, region, type, num_pokemon, ace_pokemon) VALUES ('1070', 'Shauntal', 'Unova', 'Ghost', 4, 'Chandelure');
INSERT INTO elite4(person_id, name, region, type, num_pokemon, ace_pokemon) VALUES ('1071', 'Grimsley', 'Unova', 'Dark', 4, 'Bisharp');
INSERT INTO elite4(person_id, name, region, type, num_pokemon, ace_pokemon) VALUES ('1072', 'Caitlin', 'Unova', 'Psychic', 4, 'Gothitelle');
INSERT INTO elite4(person_id, name, region, type, num_pokemon, ace_pokemon) VALUES ('1073', 'Marshal', 'Unova', 'Fighting', 4, 'Mienshao');




--Inserting Champions
INSERT INTO champions(person_id, name, region, type, num_pokemon, ace_pokemon) VALUES ('1006', 'Blue', 'Kanto', 'Mix', 6, 'Blastoise');
INSERT INTO champions(person_id, name, region, type, num_pokemon, ace_pokemon) VALUES ('1057', 'Lance', 'Johto', 'Dragon', 6, 'Dragonite');
INSERT INTO champions(person_id, name, region, type, num_pokemon, ace_pokemon) VALUES ('1064', 'Steven', 'Hoenn', 'Steel', 6, 'Metagross');
INSERT INTO champions(person_id, name, region, type, num_pokemon, ace_pokemon) VALUES ('1069', 'Cynthia', 'Sinnoh', 'Mix', 6, 'Garchomp');
INSERT INTO champions(person_id, name, region, type, num_pokemon, ace_pokemon) VALUES ('1074', 'Alder', 'Unova', 'Mix', 6, 'Volcarona');
INSERT INTO champions(person_id, name, region, type, num_pokemon, ace_pokemon) VALUES ('1076', 'Nick', 'Sinnoh', 'Mix', 6, 'Torterra');


--Update Statement(s)

UPDATE locations
SET gym_leader = NULL
WHERE gym_leader = 'n/a';

UPDATE locations
set gym_leader = 'Watson'
WHERE name = 'Mauville City';

UPDATE elite4
SET person_id = 1077
WHERE name = 'Lorelei';

UPDATE regions
SET num_pokemon = 151
WHERE name = 'Kanto';

UPDATE regions
SET num_pokemon = 100
WHERE name = 'Johto';

UPDATE regions
SET num_pokemon = 135
WHERE name = 'Hoenn';

UPDATE regions
SET num_pokemon = 107
WHERE name = 'Sinnoh';

UPDATE regions
SET num_pokemon = 156
WHERE name = 'Unova';


--Delete Statement(s)
DELETE 
FROM champions
WHERE name = 'Nick';
--^^I ain't a real champion^^

DELETE 
FROM people
WHERE person_id = '1076';
